cross_1,cross,gen,mom_pop,ID,mom_ID,mom_fam,mom_sp,mom_heat,dad_pop,dad_ID,dad_sp,dad_E,tot_seeds,num_nodes,infl_length,self,intrapop,interpop,interhyb,intrahyb,hyb,cross_type,cross_type_new,outcross,wave,count_germ,count_survive,count_viabl,count_immuno,count_slide,mom_E_status,count_num_germ_assay,count_num_assay,prop_germ,count_E_plus,g_ma_trans,trans,mean_dist,dist_new,mom_endo_chemo_1,mom_endo_chemo_2,dad_endo_chemo_1,dad_endo_chemo_2,chemo_same
1,1,f1,PALM,9263,PALM9263,PALM26,EV,0,DAVIS,2101,EC,1,9,6,2.5,0,0,0,1,0,1,hyb,interhyb,1,1,4,3,4,3,5,1,7,7,0.571428571,7,1,1,11.75,0.405172414,2,2,4,4,1
1,1_1,f2,PALM,9263,PALM9263,PALM26,EV,0,DAVIS,2101,EC,1,0,9.25,4,0,0,0,1,0,1,hyb,interhyb,1,1,4,3,4,0,0,1,4,0,NA,0,1,0,11.75,0.405172414,2,2,4,4,1
1,1_2,f2,PALM,9263,PALM9263,PALM26,EV,0,DAVIS,2101,EC,1,0,7.75,3.525,0,0,0,1,0,1,hyb,interhyb,1,1,NA,NA,NA,0,0,1,NA,0,NA,0,1,0,11.75,0.405172414,2,2,4,4,1
1,1_4,f2,PALM,9263,PALM9263,PALM26,EV,0,DAVIS,2101,EC,1,50,6.75,2.85,0,0,0,1,0,1,hyb,interhyb,1,1,NA,NA,NA,19,0,1,NA,19,NA,19,1,1,11.75,0.405172414,2,2,4,4,1
2,2,f1,PALM,9261,PALM9261,PALM26,EV,0,LLAN,6421,EC,0,11,6,2.7,0,0,0,1,0,1,hyb,interhyb,1,1,11,9,11,7,2,1,11,9,1,9,1,1,8,0.275862069,2,2,4,4,1
4,4,f1,FALL,7211,FALL7211,FALL21,EV,0,PALM,9261,EV,0,15,5,3,0,0,1,0,0,0,inter,interpop,1,1,4,3,4,3,11,1,14,14,0.285714286,11,1,0.785714286,9,0.310344828,2,2,2,2,0
4,4_2,f2,FALL,7211,FALL7211,FALL21,EV,0,PALM,9261,EV,0,55,9.5,4.2,0,0,1,0,0,0,inter,interpop,1,NA,NA,NA,NA,30,0,1,NA,30,NA,30,0.785714286,1,9,0.310344828,2,2,2,2,0
4,4_4,f2,FALL,7211,FALL7211,FALL21,EV,0,PALM,9261,EV,0,14,10.75,5.075,0,0,1,0,0,0,inter,interpop,1,NA,NA,NA,NA,14,0,1,NA,14,NA,14,0.785714286,1,9,0.310344828,2,2,2,2,0
6,6,f1,FALL,7212,FALL7212,FALL21,EV,0,LLAN,42,EC,0,3,7,4.5,0,0,0,1,0,1,hyb,interhyb,1,1,1,0,1,0,2,1,1,1,1,0,1,0,11.5,0.396551724,2,2,4,4,1
7,7,f1,FALL,7212,FALL7212,FALL21,EV,0,LLAN,6341,EC,0,7,7,5,0,0,0,1,0,1,hyb,interhyb,1,1,1,1,1,0,7,1,6,6,0.166666667,2,1,0.333333333,16,0.551724138,2,2,4,4,1
8,8,f1,FALL,7213,FALL7213,FALL21,EV,0,LLAN,42,EC,0,15,11,3.7,0,0,0,1,0,1,hyb,interhyb,1,1,7,6,7,1,13,1,14,14,0.5,13,1,0.928571429,11.5,0.396551724,2,2,4,4,1
10,10,f1,DAVIS,2101,DAVIS2101,DAVIS10,EC,1,LLAN,6341,EC,0,13,11,6.5,0,0,1,0,0,0,inter,interpop,1,1,13,11,13,3,8,1,13,11,1,11,1,1,11.5,0.396551724,4,4,4,4,0
11,11,f1,NEFF,8172,NEFF8172,NEFF17,EV,0,LLAN,42,EC,0,23,7,3.7,0,0,0,1,0,1,hyb,interhyb,1,1,18,17,18,10,12,1,21,21,0.857142857,20,0.6,0.952380952,10,0.344827586,1,1,4,4,1
11,11_10,f2,NEFF,8172,NEFF8172,NEFF17,EV,1,LLAN,42,EC,1,0,9.75,4.9,0,0,0,1,0,1,hyb,interhyb,1,NA,NA,NA,NA,0,0,1,NA,0,NA,0,0.952380952,0,10,0.344827586,1,1,4,4,1
11,11_11,f2,NEFF,8172,NEFF8172,NEFF17,EV,1,LLAN,42,EC,1,21,9.25,3.875,0,0,0,1,0,1,hyb,interhyb,1,NA,NA,NA,NA,20,0,1,NA,20,NA,20,0.952380952,1,10,0.344827586,1,1,4,4,1
12,12,f1,PALM,9221,PALM9221,PALM22,EV,0,LLAN,42,EC,0,4,4,1.5,0,0,0,1,0,1,hyb,interhyb,1,1,0,0,0,0,4,1,3,3,0,3,1,1,11.5,0.396551724,2,2,4,4,1
13,13,f1,LLAN,6423,LLAN6423,LLAN42,EC,0,NEFF,8172,EV,0,5,8,4.5,0,0,0,1,0,1,hyb,interhyb,1,1,3,3,3,2,3,1,5,5,0.6,5,1,1,10,0.344827586,4,4,1,1,1
15,15,f1,PALM,9226,PALM9226,PALM22,EV,0,FALL,7201,EV,1,7,5,2,0,0,1,0,0,0,inter,interpop,1,1,5,3,5,1,5,1,6,6,0.833333333,6,1,1,12,0.413793103,2,2,NA,NA,1
16,16,f1,FALL,7201,FALL7201,FALL20,EV,0,FALL,7216,EV,1,18,7,2.5,0,1,0,0,0,0,intra,intrapop,1,1,10,9,10,4,13,1,13,13,0.769230769,12,0.2,0.923076923,9.5,0.327586207,NA,NA,2,2,1
17,17,f1,PALM,9222,PALM9222,PALM22,EV,0,KEY,4201,EV,0,19,6,3.1,0,0,1,0,0,0,inter,interpop,1,1,3,3,3,0,19,1,16,16,0.1875,13,1,0.8125,14.5,0.5,2,2,2,1,0
19,19,f1,FALL,7141,FALL7141,FALL14,EV,0,LLAN,6341,EC,0,8,5,1.7,0,0,0,1,0,1,hyb,interhyb,1,1,5,5,5,2,6,1,8,8,0.625,8,1,1,16,0.551724138,1,1,4,4,1
19,19_1,f2,FALL,7141,FALL7141,FALL14,EV,0,LLAN,6341,EC,0,66,9.75,4.6,0,0,0,1,0,1,hyb,interhyb,1,NA,NA,NA,NA,30,0,1,NA,30,NA,30,1,1,16,0.551724138,1,1,4,4,1
19,19_2,f2,FALL,7141,FALL7141,FALL14,EV,0,LLAN,6341,EC,0,54,8.25,3.425,0,0,0,1,0,1,hyb,interhyb,1,NA,NA,NA,NA,30,0,1,NA,30,NA,30,1,1,16,0.551724138,1,1,4,4,1
19,19_3,f2,FALL,7141,FALL7141,FALL14,EV,0,LLAN,6341,EC,0,32,8.75,3.525,0,0,0,1,0,1,hyb,interhyb,1,NA,NA,NA,NA,29,0,1,NA,29,NA,29,1,1,16,0.551724138,1,1,4,4,1
20,20,f1,KEY,4201,KEY4201,KEY20,EV,0,LLAN,6341,EC,0,5,7,2.7,0,0,0,1,0,1,hyb,interhyb,1,1,5,4,5,2,2,1,5,4,1,4,0.9,1,18,0.620689655,2,1,4,4,1
21,21,f1,FALL,7213,FALL7213,FALL21,EV,0,PALM,9225,EV,1,16,7,3.2,0,0,1,0,0,0,inter,interpop,1,1,12,12,12,5,11,1,14,14,0.857142857,14,1,1,8.5,0.293103448,2,2,2,2,0
21,21_1,f2,FALL,7213,FALL7213,FALL21,EV,0,PALM,9225,EV,1,17,8,3.475,0,0,1,0,0,0,inter,interpop,1,NA,NA,NA,NA,15,0,1,NA,15,NA,15,1,1,8.5,0.293103448,2,2,2,2,0
21,21_10,f2,FALL,7213,FALL7213,FALL21,EV,0,PALM,9225,EV,1,74,8.5,3.8,0,0,1,0,0,0,inter,interpop,1,NA,NA,NA,NA,26,0,1,NA,26,NA,26,1,1,8.5,0.293103448,2,2,2,2,0
22,22,f1,NEFF,8172,NEFF8172,NEFF17,EV,0,PALM,9225,EV,1,21,9,3.5,0,0,1,0,0,0,inter,interpop,1,1,14,12,14,6,14,1,18,18,0.777777778,15,0.6,0.833333333,3.5,0.120689655,1,1,2,2,1
22,22_10,f2,NEFF,8172,NEFF8172,NEFF17,EV,0,PALM,9225,EV,1,63,12,4.25,0,0,1,0,0,0,inter,interpop,1,NA,NA,NA,NA,29,0,1,NA,29,NA,29,0.833333333,1,3.5,0.120689655,1,1,2,2,1
22,22_12,f2,NEFF,8172,NEFF8172,NEFF17,EV,0,PALM,9225,EV,1,113,11.75,4.6,0,0,1,0,0,0,inter,interpop,1,NA,NA,NA,NA,30,0,1,NA,30,NA,30,0.833333333,1,3.5,0.120689655,1,1,2,2,1
22,22_13,f2,NEFF,8172,NEFF8172,NEFF17,EV,0,PALM,9225,EV,1,43,7.5,2.875,0,0,1,0,0,0,inter,interpop,1,NA,NA,NA,NA,25,0,1,NA,25,NA,22,0.833333333,0.88,3.5,0.120689655,1,1,2,2,1
22,22_2,f2,NEFF,8172,NEFF8172,NEFF17,EV,0,PALM,9225,EV,1,84,11.5,4.3,0,0,1,0,0,0,inter,interpop,1,NA,NA,NA,NA,30,0,1,NA,30,NA,30,0.833333333,1,3.5,0.120689655,1,1,2,2,1
22,22_3,f2,NEFF,8172,NEFF8172,NEFF17,EV,0,PALM,9225,EV,1,68,9,3.55,0,0,1,0,0,0,inter,interpop,1,NA,NA,NA,NA,30,0,1,NA,30,NA,30,0.833333333,1,3.5,0.120689655,1,1,2,2,1
22,22_4,f2,NEFF,8172,NEFF8172,NEFF17,EV,0,PALM,9225,EV,1,69,12,4.35,0,0,1,0,0,0,inter,interpop,1,NA,NA,NA,NA,30,0,1,NA,30,NA,30,0.833333333,1,3.5,0.120689655,1,1,2,2,1
22,22_5,f2,NEFF,8172,NEFF8172,NEFF17,EV,0,PALM,9225,EV,1,56,10.25,3.75,0,0,1,0,0,0,inter,interpop,1,NA,NA,NA,NA,27,0,1,NA,27,NA,27,0.833333333,1,3.5,0.120689655,1,1,2,2,1
22,22_6,f2,NEFF,8172,NEFF8172,NEFF17,EV,0,PALM,9225,EV,1,88,11,4.225,0,0,1,0,0,0,inter,interpop,1,NA,NA,NA,NA,30,0,1,NA,30,NA,27,0.833333333,0.9,3.5,0.120689655,1,1,2,2,1
22,22_7,f2,NEFF,8172,NEFF8172,NEFF17,EV,0,PALM,9225,EV,1,84,11,3.7,0,0,1,0,0,0,inter,interpop,1,NA,NA,NA,NA,29,0,1,NA,29,NA,29,0.833333333,1,3.5,0.120689655,1,1,2,2,1
22,22_8,f2,NEFF,8172,NEFF8172,NEFF17,EV,0,PALM,9225,EV,1,66,10.75,4.225,0,0,1,0,0,0,inter,interpop,1,NA,NA,NA,NA,30,0,1,NA,30,NA,30,0.833333333,1,3.5,0.120689655,1,1,2,2,1
23,23,f1,FALL,7142,FALL7142,FALL14,EV,0,PALM,9225,EV,1,8,8,3.7,0,0,1,0,0,0,inter,interpop,1,1,6,4,6,2,4,1,6,6,1,6,1,1,12.5,0.431034483,1,1,2,2,1
24,24,f1,FALL,7214,FALL7214,FALL21,EV,0,LLAN,6261,EV,1,11,6,3.2,0,0,0,0,0,1,inter,interpop,1,1,6,6,6,2,9,1,11,11,0.545454545,10,1,0.909090909,10,0.344827586,2,2,2,2,0
24,24_1,f2,FALL,7214,FALL7214,FALL21,EV,0,LLAN,6261,EV,1,18,8.25,3.15,0,0,0,0,0,1,inter,interpop,1,NA,NA,NA,NA,17,0,1,NA,17,NA,17,0.909090909,1,10,0.344827586,2,2,2,2,0
24,24_4,f2,FALL,7214,FALL7214,FALL21,EV,0,LLAN,6261,EV,1,12,6.75,3.025,0,0,0,0,0,1,inter,interpop,1,NA,NA,NA,NA,12,0,1,NA,12,NA,12,0.909090909,1,10,0.344827586,2,2,2,2,0
24,24_5,f2,FALL,7214,FALL7214,FALL21,EV,0,LLAN,6261,EV,1,12,7.5,3,0,0,0,0,0,1,inter,interpop,1,NA,NA,NA,NA,12,0,1,NA,12,NA,12,0.909090909,1,10,0.344827586,2,2,2,2,0
24,24_6,f2,FALL,7214,FALL7214,FALL21,EV,0,LLAN,6261,EV,1,0,5.5,2,0,0,0,0,0,1,inter,interpop,1,NA,NA,NA,NA,0,0,1,NA,0,NA,0,0.909090909,0,10,0.344827586,2,2,2,2,0
25,25,f1,FALL,7214,FALL7214,FALL21,EV,0,BON,111,EV,0,7,5,2.7,0,0,1,0,0,0,inter,interpop,1,1,1,0,1,0,6,1,6,6,0.166666667,5,1,0.833333333,7.5,0.25862069,2,2,1,7,1
26,26,f1,FALL,7215,FALL7215,FALL21,EV,0,PALM,9261,EV,0,3,9,2.6,0,0,1,0,0,0,inter,interpop,1,1,1,1,1,0,3,1,3,3,0.333333333,1,1,0.333333333,9,0.310344828,2,2,2,2,0
27,27,f1,LLAN,6261,LLAN6261,LLAN26,EV,0,DAVIS,2101,EC,1,6,6,2.7,0,0,1,0,0,0,hyb,interhyb,1,1,0,0,0,0,6,1,6,6,0,6,1,1,8.5,0.293103448,2,2,4,4,1
28,28,f1,FALL,741,FALL741,FALL4,EV,0,LLAN,6341,EC,0,11,4,1.5,0,0,0,1,0,1,hyb,interhyb,1,1,4,3,4,3,7,1,10,10,0.4,10,0.93,1,14,0.482758621,1,1,4,4,1
29,29,f1,LLAN,6261,LLAN6261,LLAN26,EV,0,LLAN,42,EC,1,25,8,3.6,0,0,0,0,1,1,hyb,intrahyb,1,1,4,4,4,1,24,1,25,25,0.16,24,1,0.96,4,0.137931034,2,2,4,4,1
30,30,f1,LLAN,6261,LLAN6261,LLAN26,EV,0,FALL,7213,EV,0,18,8,3.9,0,0,1,0,0,0,inter,interpop,1,1,1,1,1,0,18,1,18,18,0.055555556,16,1,0.888888889,10,0.344827586,2,2,2,2,0
32,32,f1,PALM,9262,PALM9262,PALM26,EV,0,FALL,7201,EV,1,19,6,2.4,0,0,1,0,0,0,inter,interpop,1,1,10,8,10,8,9,1,15,15,0.666666667,15,1,1,11,0.379310345,2,2,NA,NA,1
33,33,f1,NEFF,8172,NEFF8172,NEFF17,EV,0,FALL,7214,EV,1,29,10,4.7,0,0,1,0,0,0,inter,interpop,1,1,22,22,22,9,20,1,29,29,0.75862069,27,1,0.931034483,7,0.24137931,1,1,2,2,1
33,33_1,f2,NEFF,8172,NEFF8172,NEFF17,EV,0,FALL,7214,EV,1,26,8.25,3.475,0,0,1,0,0,0,inter,interpop,1,NA,NA,NA,NA,20,0,1,NA,20,NA,20,1,1,7,0.24137931,1,1,2,2,1
33,33_10,f2,NEFF,8172,NEFF8172,NEFF17,EV,0,FALL,7214,EV,1,23,7,2.675,0,0,1,0,0,0,inter,interpop,1,NA,NA,NA,NA,14,0,1,NA,14,NA,13,1,0.928571429,7,0.24137931,1,1,2,2,1
33,33_11,f2,NEFF,8172,NEFF8172,NEFF17,EV,0,FALL,7214,EV,1,10,7.5,2.325,0,0,1,0,0,0,inter,interpop,1,NA,NA,NA,NA,9,0,1,NA,9,NA,9,1,1,7,0.24137931,1,1,2,2,1
33,33_20,f2,NEFF,8172,NEFF8172,NEFF17,EV,0,FALL,7214,EV,1,100,10.75,3.875,0,0,1,0,0,0,inter,interpop,1,NA,NA,NA,NA,30,0,1,NA,30,NA,30,1,1,7,0.24137931,1,1,2,2,1
33,33_3,f2,NEFF,8172,NEFF8172,NEFF17,EV,0,FALL,7214,EV,1,34,9.25,3.375,0,0,1,0,0,0,inter,interpop,1,NA,NA,NA,NA,21,0,1,NA,21,NA,21,1,1,7,0.24137931,1,1,2,2,1
33,33_8,f2,NEFF,8172,NEFF8172,NEFF17,EV,0,FALL,7214,EV,1,0,5.333333333,1.9,0,0,1,0,0,0,inter,interpop,1,NA,NA,NA,NA,4,0,1,NA,4,NA,4,1,1,7,0.24137931,1,1,2,2,1
33,33_9,f2,NEFF,8172,NEFF8172,NEFF17,EV,0,FALL,7214,EV,1,1,8,2.875,0,0,1,0,0,0,inter,interpop,1,NA,NA,NA,NA,1,0,1,NA,1,NA,1,1,1,7,0.24137931,1,1,2,2,1
34,34,f1,PALM,9262,PALM9262,PALM26,EV,0,LLAN,42,EC,1,2,7,4.5,0,0,0,1,0,1,hyb,interhyb,1,1,1,0,1,0,1,1,1,1,1,1,1,1,8,0.275862069,2,2,4,4,1
35,35,f1,PALM,9224,PALM9224,PALM22,EV,0,FALL,7215,EV,0,11,7,3.7,0,0,1,0,0,0,inter,interpop,1,1,8,7,8,1,9,1,10,10,0.8,10,1,1,8.5,0.293103448,2,2,2,2,0
36,36,f1,FALL,7202,FALL7202,FALL20,EV,0,LLAN,2,EC,0,12,10,7,0,0,0,1,0,1,hyb,interhyb,1,1,2,1,2,1,10,0,9,9,0.222222222,0,0.2,0,NA,NA,NA,NA,2,2,1
37,37,f1,FALL,7202,FALL7202,FALL20,EV,0,LLAN,641,EC,1,4,8,4.5,0,0,0,1,0,1,hyb,interhyb,1,1,2,1,2,0,3,0,2,2,1,0,0.2,0,NA,NA,NA,NA,2,2,1
38,38,f1,NEFF,8172,NEFF8172,NEFF17,EV,0,LLAN,661,EC,0,9,7,2.8,0,0,0,1,0,1,hyb,interhyb,1,1,8,7,1,NA,NA,1,8,8,1,8,0.6,1,10,0.344827586,1,1,1,1,0
39,39,f1,FALL,7202,FALL7202,FALL20,EV,0,KEY,4201,EV,0,5,7,3.5,0,0,1,0,0,0,inter,interpop,1,1,3,3,3,2,3,0,4,4,0.75,0,0.2,0,8.5,0.293103448,NA,NA,2,1,1
39,39_2,f2,FALL,7202,FALL7202,FALL20,EV,0,KEY,4201,EV,0,0,10,4.95,0,0,1,0,0,0,inter,interpop,1,NA,NA,NA,NA,0,0,0,NA,0,NA,0,0,0,8.5,0.293103448,NA,NA,2,1,1
40,40,f1,PALM,9221,PALM9221,PALM22,EV,0,KEY,4201,EV,0,11,5,3,0,0,1,0,0,0,inter,interpop,1,1,11,9,1,1,0,1,11,9,1,9,1,1,14.5,0.5,2,2,2,1,0
43,43,f1,FALL,7216,FALL7216,FALL21,EV,0,PALM,9222,EV,0,10,7,3.3,0,0,1,0,0,0,inter,interpop,1,1,2,2,0,1,9,1,10,10,0.2,10,1,1,8.5,0.293103448,2,2,2,2,0
43,43_2,f2,FALL,7216,FALL7216,FALL21,EV,0,PALM,9222,EV,0,0,7,2.325,0,0,1,0,0,0,inter,interpop,1,NA,NA,NA,NA,0,0,1,NA,0,NA,0,1,0,8.5,0.293103448,2,2,2,2,0
44,44,f1,PALM,9225,PALM9225,PALM22,EV,0,LLAN,661,EC,0,9,7,4,0,0,0,1,0,1,hyb,interhyb,1,1,6,6,0,0,1,1,9,9,0.666666667,9,1,1,9.5,0.327586207,2,2,1,1,1
45,45,f1,PALM,9223,PALM9223,PALM22,EV,1,LLAN,661,EC,0,2,9,4,0,0,0,1,0,1,hyb,interhyb,1,1,2,2,1,0,1,1,2,2,1,2,1,1,9.5,0.327586207,2,2,1,1,1
47,47,f1,PALM,9263,PALM9263,PALM26,EV,0,LLAN,6421,EC,0,7,6,3.4,0,0,0,1,0,1,hyb,interhyb,1,1,2,2,0,0,1,1,7,7,0.285714286,7,1,1,8,0.275862069,2,2,4,4,1
48,48,f1,NEFF,8172,NEFF8172,NEFF17,EV,0,FALL,7215,EV,1,5,7,2.8,0,0,1,0,0,0,inter,interpop,1,1,5,5,1,3,2,1,5,5,1,5,0.6,1,7,0.24137931,1,1,2,2,1
48,48_1,f2,NEFF,8172,NEFF8172,NEFF17,EV,0,FALL,7215,EV,1,7,7.25,2.625,0,0,1,0,0,0,inter,interpop,1,NA,NA,NA,NA,6,0,1,NA,6,NA,6,1,1,7,0.24137931,1,1,2,2,1
48,48_2,f2,NEFF,8172,NEFF8172,NEFF17,EV,0,FALL,7215,EV,1,4,8,2.575,0,0,1,0,0,0,inter,interpop,1,NA,NA,NA,NA,4,0,1,NA,4,NA,4,1,1,7,0.24137931,1,1,2,2,1
48,48_3,f2,NEFF,8172,NEFF8172,NEFF17,EV,0,FALL,7215,EV,1,10,7.5,2.725,0,0,1,0,0,0,inter,interpop,1,NA,NA,NA,NA,10,0,1,NA,10,NA,10,1,1,7,0.24137931,1,1,2,2,1
48,48_4,f2,NEFF,8172,NEFF8172,NEFF17,EV,0,FALL,7215,EV,1,6,8.5,3.15,0,0,1,0,0,0,inter,interpop,1,NA,NA,NA,NA,6,0,1,NA,6,NA,6,1,1,7,0.24137931,1,1,2,2,1
48,48_5,f2,NEFF,8172,NEFF8172,NEFF17,EV,0,FALL,7215,EV,1,23,8.75,3.45,0,0,1,0,0,0,inter,interpop,1,NA,NA,NA,NA,16,0,1,NA,16,NA,15,1,0.9375,7,0.24137931,1,1,2,2,1
49,49,f1,FALL,7216,FALL7216,FALL21,EV,0,FALL,7203,EV,1,5,8,4.8,0,1,0,0,0,0,intra,intrapop,1,1,3,3,0,0,1,1,5,5,0.6,5,1,1,9.5,0.327586207,2,2,NA,NA,NA
50,50,f1,PALM,9226,PALM9226,PALM22,EV,0,FALL,7219,EV,0,11,9,4.8,0,0,1,0,0,0,inter,interpop,1,1,4,4,0,0,1,1,11,11,0.363636364,11,1,1,8.5,0.293103448,2,2,2,2,0
51,51,f1,FALL,7213,FALL7213,FALL21,EV,0,PALM,9262,EV,0,4,10,5,0,0,1,0,0,0,inter,interpop,1,1,0,0,0,0,1,1,3,3,0,3,1,1,9,0.310344828,2,2,2,2,0
52,52,f1,FALL,7214,FALL7214,FALL21,EV,0,NEFF,8172,EV,0,16,11,5.4,0,0,1,0,0,0,inter,interpop,1,1,11,7,0,0,1,1,13,13,0.846153846,13,1,1,7,0.24137931,2,2,1,1,1
53,53,f1,PALM,9221,PALM9221,PALM22,EV,0,LLAN,661,EC,0,9,5,2.2,0,0,0,1,0,1,hyb,interhyb,1,1,4,4,0,0,1,1,9,9,0.444444444,9,1,1,9.5,0.327586207,2,2,1,1,1
54,54,f1,LLAN,6261,LLAN6261,LLAN26,EV,0,FALL,7214,EV,1,2,6,3,0,0,1,0,0,0,inter,interpop,1,1,0,0,0,0,1,1,2,2,0,2,1,1,10,0.344827586,2,2,2,2,0
55,55,f1,PALM,9262,PALM9262,PALM26,EV,0,FALL,7214,EV,1,14,7,3.9,0,0,1,0,0,0,inter,interpop,1,1,3,3,0,0,1,1,14,14,0.214285714,10,1,0.714285714,9,0.310344828,2,2,2,2,0
57,57,f1,FALL,7216,FALL7216,FALL21,EV,0,PALM,9225,EV,1,15,9,4.3,0,0,1,0,0,0,inter,interpop,1,1,6,5,0,1,13,1,14,14,0.428571429,14,1,1,8.5,0.293103448,2,2,2,2,0
57,57_2,f2,FALL,7216,FALL7216,FALL21,EV,0,PALM,9225,EV,1,69,7.25,3,0,0,1,0,0,0,inter,interpop,1,NA,NA,NA,NA,28,0,1,NA,28,NA,28,1,1,8.5,0.293103448,2,2,2,2,0
57,57_4,f2,FALL,7216,FALL7216,FALL21,EV,0,PALM,9225,EV,1,61,7,2.85,0,0,1,0,0,0,inter,interpop,1,NA,NA,NA,NA,30,0,1,NA,30,NA,30,1,1,8.5,0.293103448,2,2,2,2,0
57,57_5,f2,FALL,7216,FALL7216,FALL21,EV,0,PALM,9225,EV,1,11,6.25,2.25,0,0,1,0,0,0,inter,interpop,1,NA,NA,NA,NA,8,0,1,NA,8,NA,8,1,1,8.5,0.293103448,2,2,2,2,0
57,57_6,f2,FALL,7216,FALL7216,FALL21,EV,0,PALM,9225,EV,1,34,8,4.175,0,0,1,0,0,0,inter,interpop,1,NA,NA,NA,NA,19,0,1,NA,19,NA,19,1,1,8.5,0.293103448,2,2,2,2,0
58,58,f1,PALM,9261,PALM9261,PALM26,EV,0,FALL,7217,EV,1,12,7,5.2,0,0,1,0,0,0,inter,interpop,1,1,5,4,0,0,1,1,11,11,0.454545455,11,1,1,9,0.310344828,2,2,2,2,0
60,60,f1,PALM,9224,PALM9224,PALM22,EV,0,FALL,7214,EV,1,5,8,4,0,0,1,0,0,0,inter,interpop,1,1,1,1,0,0,1,1,4,4,0.25,4,1,1,8.5,0.293103448,2,2,2,2,0
63,63,f1,FALL,7141,FALL7141,FALL14,EV,0,FALL,7213,EV,0,7,8,4.5,0,1,0,0,0,0,intra,intrapop,1,1,0,0,0,0,1,1,6,6,0,6,1,1,13,0.448275862,1,1,2,2,1
64,64,f1,FALL,7141,FALL7141,FALL14,EV,0,FALL,7211,EV,0,2,9,4.4,0,1,0,0,0,0,intra,intrapop,1,1,0,0,0,0,1,1,2,2,0,2,1,1,13,0.448275862,1,1,2,2,1
65,65,f1,PALM,9224,PALM9224,PALM22,EV,0,PALM,9263,EV,0,2,NA,NA,0,1,0,0,0,0,intra,intrapop,1,4,0,0,0,0,1,1,0,0,NA,0,1,0,8.5,0.293103448,2,2,2,2,0
66,66,f1,PALM,9263,PALM9263,PALM26,EV,1,FALL,7141,EV,0,4,10,5.5,0,0,1,0,0,0,inter,interpop,1,2,2,2,0,0,1,1,4,4,0.5,2,1,0.5,11.75,0.405172414,2,2,1,1,1
67,67,f1,PALM,9263,PALM9263,PALM26,EV,1,FALL,7213,EV,0,5,10,4.4,0,0,1,0,0,0,inter,interpop,1,4,0,0,0,0,1,1,1,1,0,0,1,0,9,0.310344828,2,2,2,2,0
69,69,f1,PALM,9221,PALM9221,PALM22,EV,0,FALL,7216,EV,1,12,NA,NA,0,0,1,0,0,0,inter,interpop,1,2,1,1,0,0,1,1,7,7,0.142857143,2,1,0.285714286,8.5,0.293103448,2,2,2,2,0
70,70,f1,FALL,7216,FALL7216,FALL21,EV,1,PALM,9263,EV,1,18,11,6.5,0,0,1,0,0,0,inter,interpop,1,4,0,0,0,0,1,1,8,8,0,8,1,1,9,0.310344828,2,2,2,2,0
72,72,f1,FALL,7214,FALL7214,FALL21,EV,1,FALL,7141,EV,0,3,12,4,0,1,0,0,0,0,intra,intrapop,1,3,0,0,0,0,1,1,1,1,0,0,1,0,13,0.448275862,2,2,1,1,1
73,73,f1,FALL,7214,FALL7214,FALL21,EV,0,FALL,7142,EV,0,15,NA,NA,0,1,0,0,0,0,intra,intrapop,1,3,0,0,0,0,1,1,10,10,0,10,1,1,13,0.448275862,2,2,1,1,1
74,74,f1,FALL,7213,FALL7213,FALL21,EV,1,PALM,9223,EV,1,1,11,4.1,0,0,1,0,0,0,inter,interpop,1,3,0,0,0,0,1,1,1,1,0,0,1,0,8.5,0.293103448,2,2,2,2,0
75,75,f1,FALL,7213,FALL7213,FALL21,EV,0,PALM,9224,EV,1,6,10,5.8,0,0,1,0,0,0,inter,interpop,1,3,2,1,0,0,1,1,5,5,0.4,3,1,0.6,8.5,0.293103448,2,2,2,2,0
76,76,f1,PALM,9223,PALM9223,PALM22,EV,0,FALL,7142,EV,1,14,11,5.4,0,0,1,0,0,0,inter,interpop,1,2,2,1,0,0,1,1,9,9,0.222222222,5,1,0.555555556,12.5,0.431034483,2,2,1,1,1
78,78,f1,PALM,9263,PALM9263,PALM26,EV,1,FALL,7141,EV,0,3,5,2,0,0,1,0,0,0,inter,interpop,1,4,0,0,0,0,1,1,3,3,0,3,1,1,11.75,0.405172414,2,2,1,1,1
81,81,f1,FALL,7216,FALL7216,FALL21,EV,1,PALM,9223,EV,1,6,10,5.2,0,1,0,0,0,0,inter,interpop,1,2,1,1,0,0,1,1,6,6,0.166666667,5,1,0.833333333,8.5,0.293103448,2,2,2,2,0
82,82,f1,PALM,9223,PALM9223,PALM22,EV,0,PALM,9263,EV,1,1,8,6.1,0,0,1,0,0,0,intra,intrapop,1,4,0,0,0,0,1,1,1,1,0,0,1,0,8.5,0.293103448,2,2,2,2,0
83,83,f1,PALM,9263,PALM9263,PALM26,EV,0,FALL,7142,EV,1,8,7,3.7,0,0,1,0,0,0,inter,interpop,1,2,1,0,0,0,1,1,6,6,0.166666667,2,1,0.333333333,11.75,0.405172414,2,2,1,1,1
84,84,f1,FALL,7216,FALL7216,FALL21,EV,1,PALM,9263,EV,1,6,8,3.8,0,0,1,0,0,0,inter,interpop,1,2,2,2,0,0,1,1,5,5,0.4,4,1,0.8,9,0.310344828,2,2,2,2,0
85,85,f1,PALM,9223,PALM9223,PALM22,EV,0,FALL,7142,EV,1,11,NA,NA,0,0,1,0,0,0,inter,interpop,1,2,1,0,0,0,1,1,9,9,0.111111111,4,1,0.444444444,12.5,0.431034483,2,2,1,1,1
87,87,f1,FALL,7201,FALL7201,FALL20,EV,0,PALM,9261,EV,1,3,9,5.2,0,0,1,0,0,0,inter,interpop,1,1,0,0,0,0,1,1,5,5,0,4,0.2,0.8,11,0.379310345,NA,NA,2,2,1
89,89,f1,PALM,9263,PALM9263,PALM26,EV,1,FALL,7216,EV,1,22,11,5,0,0,1,0,0,0,inter,interpop,1,4,0,0,0,0,1,1,9,9,0,1,1,0.111111111,9,0.310344828,2,2,2,2,0
90,90,f1,FALL,7141,FALL7141,FALL14,EV,1,FALL,7216,EV,0,11,14,5,0,1,0,0,0,0,intra,intrapop,1,3,1,1,0,0,1,1,11,11,0.090909091,11,1,1,13,0.448275862,1,1,2,2,1
91,91,f1,PALM,9227,PALM9227,PALM22,EV,1,PALM,9226,EV,0,22,8,5,0,1,0,0,0,0,intra,intrapop,1,2,1,1,0,0,1,1,8,8,0.125,5,1,0.625,1,0.034482759,2,2,2,2,0
92,92,f1,PALM,9221,PALM9221,PALM22,EV,0,FALL,711,EV,0,5,16,8.6,0,0,1,0,0,0,inter,interpop,1,2,1,1,0,0,1,1,4,4,0.25,4,1,1,8.5,0.293103448,2,2,2,2,0
93,93,f1,FALL,7142,FALL7142,FALL14,EV,1,PALM,9263,EV,1,11,14,6,0,0,1,0,0,0,inter,interpop,1,2,5,5,0,1,1,1,10,10,0.5,7,1,0.7,11.75,0.405172414,1,1,2,2,1
94,94,f1,PALM,9227,PALM9227,PALM22,EV,1,PALM,9226,EV,0,15,10,5.9,0,0,1,0,0,0,intra,intrapop,1,2,5,3,0,0,12,1,11,11,0.454545455,11,1,1,1,0.034482759,2,2,2,2,0
94,94_1,f2,PALM,9227,PALM9227,PALM22,EV,1,PALM,9226,EV,0,64,9,4.875,0,0,1,0,0,0,intra,intrapop,1,NA,NA,NA,NA,30,0,1,NA,30,NA,29,1,0.966666667,1,0.034482759,2,2,2,2,0
94,94_3,f2,PALM,9227,PALM9227,PALM22,EV,1,PALM,9226,EV,0,90,9.25,4.225,0,0,1,0,0,0,intra,intrapop,1,NA,NA,NA,NA,30,0,1,NA,30,NA,30,1,1,1,0.034482759,2,2,2,2,0
94,94_4,f2,PALM,9227,PALM9227,PALM22,EV,1,PALM,9226,EV,0,0,7.25,3.125,0,0,1,0,0,0,intra,intrapop,1,NA,NA,NA,NA,0,0,1,NA,0,NA,0,1,0,1,0.034482759,2,2,2,2,0
96,96,f1,FALL,7142,FALL7142,FALL14,EV,0,FALL,7216,EV,1,8,13,6,0,1,0,0,0,0,intra,intrapop,1,2,3,2,1,0,1,1,8,8,0.375,6,1,0.75,13,0.448275862,1,1,2,2,1
98,98,f1,PALM,9226,PALM9226,PALM22,EV,0,LLAN,6341,EC,0,8,11,7,0,0,0,1,0,1,hyb,interhyb,1,2,4,2,0,0,1,1,7,7,0.571428571,6,1,0.857142857,14.5,0.5,2,2,4,4,1
99,99,f1,SANAN,10161,SANAN10161,SANAN16,EV,1,FALL,711,EV,1,19,12,6.1,0,0,1,0,0,0,inter,interpop,1,3,0,0,0,0,1,1,10,10,0,9,1,0.9,10,0.344827586,2,2,2,2,0
101,101,f1,SANAN,10161,SANAN10161,SANAN16,EV,0,PALM,9226,EV,1,16,13,6.6,0,0,1,0,0,0,inter,interpop,1,3,9,8,0,0,NA,1,9,9,1,9,1,1,13.5,0.465517241,2,2,2,2,0
103,103,f1,FALL,7141,FALL7141,FALL14,EV,0,FALL,7142,EV,0,9,15,4.1,0,1,0,0,0,0,intra,intrapop,1,3,5,5,0,0,9,1,9,9,0.555555556,9,1,1,13,0.448275862,1,1,1,1,0
103,103_1,f2,FALL,7141,FALL7141,FALL14,EV,0,FALL,7142,EV,0,12,8.75,3.375,0,1,0,0,0,0,intra,intrapop,1,NA,NA,NA,NA,12,0,1,NA,12,NA,12,1,1,13,0.448275862,1,1,1,1,0
104,104,f1,PALM,9223,PALM9223,PALM22,EV,0,SANAN,10162,EV,0,4,NA,NA,0,0,1,0,0,0,inter,interpop,1,4,0,0,0,0,1,1,1,1,0,1,1,1,13.5,0.465517241,2,2,2,2,0
105,105,f1,PALM,9227,PALM9227,PALM22,EV,1,FALL,741,EV,0,19,9,5.4,0,0,1,0,0,0,inter,interpop,1,2,7,4,0,1,14,1,14,14,0.5,9,1,0.642857143,13.5,0.465517241,2,2,1,1,1
105,105_1,f2,PALM,9227,PALM9227,PALM22,EV,1,FALL,741,EV,0,10,10.25,5.55,0,0,1,0,0,0,inter,interpop,1,NA,NA,NA,NA,10,0,1,NA,10,NA,9,0.642857143,0.9,13.5,0.465517241,2,2,1,1,1
105,105_2,f2,PALM,9227,PALM9227,PALM22,EV,1,FALL,741,EV,0,8,6,2.3,0,0,1,0,0,0,inter,interpop,1,NA,NA,NA,NA,8,0,1,NA,8,NA,8,0.642857143,1,13.5,0.465517241,2,2,1,1,1
105,105_4,f2,PALM,9227,PALM9227,PALM22,EV,1,FALL,741,EV,0,0,10.25,4.4,0,0,1,0,0,0,inter,interpop,1,NA,NA,NA,NA,0,0,1,NA,0,NA,0,0.642857143,0,13.5,0.465517241,2,2,1,1,1
105,105_5,f2,PALM,9227,PALM9227,PALM22,EV,1,FALL,741,EV,0,68,11,5.05,0,0,1,0,0,0,inter,interpop,1,NA,NA,NA,NA,30,0,1,NA,30,NA,30,0.642857143,1,13.5,0.465517241,2,2,1,1,1
105,105_6,f2,PALM,9227,PALM9227,PALM22,EV,1,FALL,741,EV,0,2,15.25,7.9,0,0,1,0,0,0,inter,interpop,1,NA,NA,NA,NA,2,0,1,NA,2,NA,2,0.642857143,1,13.5,0.465517241,2,2,1,1,1
109,109,f1,PALM,9264,PALM9264,PALM26,EV,1,PALM,9227,EV,1,13,14,8,0,1,0,0,0,0,intra,intrapop,1,2,2,2,0,0,10,1,10,10,0.2,8,1,0.8,5.5,0.189655172,2,2,2,2,0
109,109_1,f2,PALM,9264,PALM9264,PALM26,EV,1,PALM,9227,EV,1,56,10.25,5.05,0,1,0,0,0,0,intra,intrapop,1,NA,NA,NA,NA,30,0,1,NA,30,NA,30,0.8,1,5.5,0.189655172,2,2,2,2,0
109,109_2,f2,PALM,9264,PALM9264,PALM26,EV,1,PALM,9227,EV,1,46,8,3.466666667,0,1,0,0,0,0,intra,intrapop,1,NA,NA,NA,NA,0,0,1,NA,0,NA,0,0.8,0,5.5,0.189655172,2,2,2,2,0
110,110,f1,SANAN,10162,SANAN10162,SANAN16,EV,0,SANAN,10401,EV,0,39,16,7.1,0,1,0,0,0,0,intra,intrapop,1,2,1,0,0,0,1,1,6,6,0.166666667,2,1,0.333333333,6,0.206896552,2,2,1,1,1
111,111,f1,PALM,9221,PALM9221,PALM22,EV,0,SANAN,10161,EV,0,9,8,4,0,0,1,0,0,0,inter,interpop,1,2,3,2,0,0,9,1,8,8,0.375,7,1,0.875,13.5,0.465517241,2,2,2,2,0
111,111_2,f2,PALM,9221,PALM9221,PALM22,EV,0,SANAN,10161,EV,0,53,9,3.825,0,0,1,0,0,0,inter,interpop,1,NA,NA,NA,NA,30,0,1,NA,30,NA,27,0.875,0.9,13.5,0.465517241,2,2,2,2,0
111,111_3,f2,PALM,9221,PALM9221,PALM22,EV,0,SANAN,10161,EV,0,1,10.5,4.525,0,0,1,0,0,0,inter,interpop,1,NA,NA,NA,NA,1,0,1,NA,1,NA,1,0.875,1,13.5,0.465517241,2,2,2,2,0
112,112,f1,PALM,9223,PALM9223,PALM22,EV,0,FALL,711,EV,0,1,NA,NA,0,0,1,0,0,0,inter,interpop,1,4,0,0,0,0,1,1,0,0,NA,0,1,0,8.5,0.293103448,2,2,2,2,0
113,113,f1,SANAN,10402,SANAN10402,SANAN40,EV,0,PALM,9227,EV,1,8,12,5.2,0,0,1,0,0,0,inter,interpop,1,2,1,1,0,0,1,1,7,7,0.142857143,5,1,0.714285714,10.5,0.362068966,1,1,2,2,1
114,114,f1,SANAN,10402,SANAN10402,SANAN40,EV,0,FALL,7216,EV,1,16,16,7.6,0,0,1,0,0,0,inter,interpop,1,2,2,1,0,0,1,1,10,10,0.2,6,1,0.6,9,0.310344828,1,1,2,2,1
115,115,f1,SANAN,10403,SANAN10403,SANAN40,EV,0,FALL,741,EV,0,9,14,5.2,0,0,1,0,0,0,inter,interpop,1,3,1,1,0,0,1,1,9,9,0.111111111,3,1,0.333333333,11,0.379310345,1,1,1,1,0
116,116,f1,SANAN,10161,SANAN10161,SANAN16,EV,0,FALL,712,EV,1,14,11,4.9,0,0,1,0,0,0,inter,interpop,1,3,9,9,1,0,9,1,9,9,1,9,1,1,10,0.344827586,2,2,2,2,0
116,116_3,f2,SANAN,10161,SANAN10161,SANAN16,EV,0,FALL,712,EV,1,0,8.5,3.375,0,0,1,0,0,0,inter,interpop,1,NA,NA,NA,NA,0,0,1,NA,0,NA,0,1,0,10,0.344827586,2,2,2,2,0
116,116_4,f2,SANAN,10161,SANAN10161,SANAN16,EV,0,FALL,712,EV,1,33,10,4.625,0,0,1,0,0,0,inter,interpop,1,NA,NA,NA,NA,25,0,1,NA,25,NA,25,1,1,10,0.344827586,2,2,2,2,0
117,117,f1,SANAN,10401,SANAN10401,SANAN40,EV,0,PALM,9225,EV,1,18,15,6.8,0,0,1,0,0,0,inter,interpop,1,2,1,1,0,0,1,1,10,10,0.1,10,1,1,10.5,0.362068966,1,1,2,2,1
118,118,f1,SANAN,10481,SANAN10481,SANAN48,EV,0,SANAN,10402,EV,1,8,11,5.1,0,1,0,0,0,0,intra,intrapop,1,2,4,3,0,1,8,1,7,7,0.571428571,6,0.31,0.857142857,6.5,0.224137931,2,2,1,1,1
118,118_1,f2,SANAN,10481,SANAN10481,SANAN48,EV,0,SANAN,10402,EV,1,2,8.75,4.575,0,1,0,0,0,0,intra,intrapop,1,NA,NA,NA,NA,2,0,1,NA,2,NA,2,0.857142857,1,6.5,0.224137931,2,2,1,1,1
118,118_2,f2,SANAN,10481,SANAN10481,SANAN48,EV,0,SANAN,10402,EV,1,24,8.75,4.175,0,1,0,0,0,0,intra,intrapop,1,NA,NA,NA,NA,19,0,1,NA,19,NA,19,0.857142857,1,6.5,0.224137931,2,2,1,1,1
118,118_2,f2,SANAN,10481,SANAN10481,SANAN48,EV,0,SANAN,10402,EV,1,38,8,3.575,0,1,0,0,0,0,intra,intrapop,1,NA,NA,NA,NA,29,0,1,NA,29,NA,29,0.857142857,1,6.5,0.224137931,2,2,1,1,1
118,118_3,f2,SANAN,10481,SANAN10481,SANAN48,EV,0,SANAN,10402,EV,1,0,0,0,0,1,0,0,0,0,intra,intrapop,1,NA,NA,NA,NA,0,0,1,NA,0,NA,0,0.857142857,0,6.5,0.224137931,2,2,1,1,1
119,119,f1,SANAN,10481,SANAN10481,SANAN48,EV,0,PALM,9227,EV,1,12,12,5.5,0,0,1,0,0,0,inter,interpop,1,2,2,2,0,0,9,1,8,8,0.25,5,0.31,0.625,7.5,0.25862069,2,2,2,2,0
119,119_2,f2,SANAN,10481,SANAN10481,SANAN48,EV,0,PALM,9227,EV,1,0,9.5,4.325,0,0,1,0,0,0,inter,interpop,1,NA,NA,NA,NA,0,0,1,NA,0,NA,0,0.625,0,7.5,0.25862069,2,2,2,2,0
120,120,f1,LLAN,6262,LLAN6262,LLAN26,EV,1,SANAN,10481,EV,1,14,10,4.6,0,0,1,0,0,0,inter,interpop,1,2,1,1,0,0,1,1,10,10,0.1,8,1,0.8,7,0.24137931,2,2,2,2,0
122,122,f1,PALM,9221,PALM9221,PALM22,EV,0,PALM,991,EV,1,10,7,3.4,0,1,0,0,0,0,intra,intrapop,1,4,0,0,0,0,1,1,10,10,0,9,1,0.9,6.5,0.224137931,2,2,2,2,0
123,123,f1,FALL,742,FALL742,FALL4,EV,0,SANAN,10162,EV,0,2,NA,NA,0,1,0,0,0,0,inter,interpop,1,4,0,0,0,0,1,1,2,2,0,2,0.93,1,14,0.482758621,1,1,2,2,1
124,124,f1,SANAN,10162,SANAN10162,SANAN16,EV,0,LLAN,6341,EC,0,3,9,2.3,0,0,0,1,0,1,hyb,interhyb,1,4,0,0,0,0,1,1,3,3,0,0,1,0,15,0.517241379,2,2,4,4,1
126,126,f1,SANAN,10163,SANAN10163,SANAN16,EV,1,PALM,991,EV,0,16,12,5.2,0,0,1,0,0,0,inter,interpop,1,2,4,3,0,1,11,1,10,10,0.4,5,1,0.5,9,0.310344828,2,2,2,2,0
126,126_1,f2,SANAN,10163,SANAN10163,SANAN16,EV,1,PALM,991,EV,0,12,11.25,5.7,0,0,1,0,0,0,inter,interpop,1,NA,NA,NA,NA,12,0,1,NA,12,NA,8,0.5,0.666666667,9,0.310344828,2,2,2,2,0
126,126_2,f2,SANAN,10163,SANAN10163,SANAN16,EV,1,PALM,991,EV,0,0,13,5.25,0,0,1,0,0,0,inter,interpop,1,NA,NA,NA,NA,0,0,1,NA,0,NA,0,0.5,0,9,0.310344828,2,2,2,2,0
127,127,f1,SANAN,10251,SANAN10251,SANAN25,EV,0,PALM,992,EV,1,24,12,4.8,0,0,1,0,0,0,inter,interpop,1,2,1,1,0,0,1,1,10,10,0.1,7,1,0.7,7.67,0.264367816,2,2,2,2,0
129,129,f1,SANAN,10404,SANAN10404,SANAN40,EV,1,TORO,12211,EV,1,3,11,2.9,0,0,1,0,0,0,inter,interpop,1,4,0,0,0,0,1,1,3,3,0,3,1,1,14,0.482758621,1,1,1,1,0
132,132,f1,LLAN,6411,LLAN6411,LLAN41,EV,0,FALL,7203,EV,0,4,9,3.8,0,0,1,0,0,0,inter,interpop,1,3,1,0,0,0,1,1,3,3,0.333333333,3,1,1,11.5,0.396551724,1,1,NA,NA,NA
133,133,f1,SANAN,10164,SANAN10164,SANAN16,EV,0,DAVIS,2351,EC,1,18,11,4.9,0,0,0,0,0,1,hyb,interhyb,1,2,7,6,7,1,9,1,8,8,0.875,8,1,1,11.25,0.387931034,2,2,5,5,1
133,133_1,f2,SANAN,10164,SANAN10164,SANAN16,EV,0,DAVIS,2351,EC,1,34,9.75,5.075,0,0,0,0,0,1,hyb,interhyb,1,NA,NA,NA,NA,19,0,1,NA,19,NA,19,1,1,11.25,0.387931034,2,2,5,5,1
133,133_2,f2,SANAN,10164,SANAN10164,SANAN16,EV,0,DAVIS,2351,EC,1,25,8.5,3.85,0,0,0,0,0,1,hyb,interhyb,1,NA,NA,NA,NA,14,0,1,NA,14,NA,13,1,0.928571429,11.25,0.387931034,2,2,5,5,1
133,133_3,f2,SANAN,10164,SANAN10164,SANAN16,EV,0,DAVIS,2351,EC,1,84,11.25,5.375,0,0,0,0,0,1,hyb,interhyb,1,NA,NA,NA,NA,30,0,1,NA,30,NA,30,1,1,11.25,0.387931034,2,2,5,5,1
133,133_4,f2,SANAN,10164,SANAN10164,SANAN16,EV,0,DAVIS,2351,EC,1,28,9,3.975,0,0,0,0,0,1,hyb,interhyb,1,NA,NA,NA,NA,16,0,1,NA,16,NA,16,1,1,11.25,0.387931034,2,2,5,5,1
133,133_5,f2,SANAN,10164,SANAN10164,SANAN16,EV,0,DAVIS,2351,EC,1,45,9,3.7,0,0,0,0,0,1,hyb,interhyb,1,NA,NA,NA,NA,25,0,1,NA,25,NA,25,1,1,11.25,0.387931034,2,2,5,5,1
133,133_6,f2,SANAN,10164,SANAN10164,SANAN16,EV,0,DAVIS,2351,EC,1,104,12.25,5.575,0,0,0,0,0,1,hyb,interhyb,1,NA,NA,NA,NA,30,0,1,NA,30,NA,26,1,0.866666667,11.25,0.387931034,2,2,5,5,1
134,134,f1,FALL,7161,FALL7161,FALL16,EV,1,LLAN,6341,EC,1,6,6,3.6,0,0,0,1,0,1,hyb,interhyb,1,4,0,0,0,0,1,1,6,6,0,5,1,0.833333333,16,0.551724138,1,1,4,4,1
135,135,f1,NEFF,8131,NEFF8131,NEFF13,EV,1,LLAN,6342,EC,1,42,12,5.3,0,0,0,0,0,1,hyb,interhyb,1,2,6,6,6,0,10,0,10,10,0.6,0,1,0,17.5,0.603448276,NA,NA,4,4,1
137,137,f1,MURR,5391,MURR5391,MURR39,EV,0,SANAN,10164,EV,0,7,11,3.2,0,0,1,0,0,0,inter,interpop,1,3,0,0,0,0,1,1,6,6,0,6,0.3,1,8,0.275862069,1,1,2,2,1
140,140,f1,LLAN,6412,LLAN6412,LLAN41,EV,0,SANAN,10252,EV,1,23,15,6.8,0,0,1,0,0,0,inter,interpop,1,2,6,5,0,0,10,1,9,9,0.666666667,9,1,1,10.33,0.356321839,1,1,2,2,1
140,140_5,f2,LLAN,6412,LLAN6412,LLAN41,EV,0,SANAN,10252,EV,1,0,3.5,1.55,0,0,1,0,0,0,inter,interpop,1,NA,NA,NA,NA,0,0,1,NA,0,NA,0,1,0,10.33,0.356321839,1,1,2,2,1
141,141,f1,LLAN,6412,LLAN6412,LLAN41,EV,0,LLAN,6343,EC,0,18,12,6.6,0,0,0,0,1,1,hyb,intrahyb,1,2,10,8,1,0,10,1,10,8,1,8,1,1,16,0.551724138,1,1,4,4,1
141,141_1,f2,LLAN,6412,LLAN6412,LLAN41,EV,0,LLAN,6343,EC,0,0,10.5,4.65,0,0,0,0,1,1,hyb,intrahyb,1,NA,NA,NA,NA,0,0,1,NA,0,NA,0,1,0,16,0.551724138,1,1,4,4,1
141,141_3,f2,LLAN,6412,LLAN6412,LLAN41,EV,0,LLAN,6343,EC,0,14,9.75,4.275,0,0,0,0,1,1,hyb,intrahyb,1,NA,NA,NA,NA,14,0,1,NA,14,NA,14,1,1,16,0.551724138,1,1,4,4,1
141,141_3_2,f2,LLAN,6412,LLAN6412,LLAN41,EV,0,LLAN,6343,EC,0,18,12,5.825,0,0,0,0,1,1,hyb,intrahyb,1,NA,NA,NA,NA,16,0,1,NA,16,NA,16,1,1,16,0.551724138,1,1,4,4,1
141,141_4,f2,LLAN,6412,LLAN6412,LLAN41,EV,0,LLAN,6343,EC,0,39,7.5,3.625,0,0,0,0,1,1,hyb,intrahyb,1,NA,NA,NA,NA,23,0,1,NA,23,NA,23,1,1,16,0.551724138,1,1,4,4,1
143,143,f1,LLAN,6451,LLAN6451,LLAN45,EV,0,DAVIS,2291,EC,1,14,12,4.6,0,0,0,1,0,1,hyb,interhyb,1,2,8,4,0,0,12,1,10,10,0.8,10,1,1,10,0.344827586,1,1,5,5,1
143,143_4,f2,LLAN,6451,LLAN6451,LLAN45,EV,0,DAVIS,2291,EC,1,0,11.5,5.05,0,0,0,1,0,1,hyb,interhyb,1,NA,NA,NA,NA,0,0,1,NA,0,NA,0,1,0,10,0.344827586,1,1,5,5,1
143,143_5,f2,LLAN,6451,LLAN6451,LLAN45,EV,0,DAVIS,2291,EC,1,5,9.25,4.2,0,0,0,1,0,1,hyb,interhyb,1,NA,NA,NA,NA,5,0,1,NA,5,NA,5,1,1,10,0.344827586,1,1,5,5,1
143,143_6,f2,LLAN,6451,LLAN6451,LLAN45,EV,0,DAVIS,2291,EC,1,14,9.5,3.675,0,0,0,1,0,1,hyb,interhyb,1,NA,NA,NA,NA,12,0,1,NA,12,NA,12,1,1,10,0.344827586,1,1,5,5,1
143,143_8,f2,LLAN,6451,LLAN6451,LLAN45,EV,0,DAVIS,2291,EC,1,1,11.5,5.125,0,0,0,1,0,1,hyb,interhyb,1,NA,NA,NA,NA,1,0,1,NA,1,NA,1,1,1,10,0.344827586,1,1,5,5,1
145,145,f1,FALL,7215,FALL7215,FALL21,EV,0,DAVIS,2291,EC,1,13,8,3.2,0,0,0,1,0,1,hyb,interhyb,1,2,8,3,0,0,1,1,8,6,1,0,1,0,15,0.517241379,2,2,5,5,1
146,146,f1,FALL,7215,FALL7215,FALL21,EV,0,KEY,4202,EC,0,7,10,3.8,0,0,0,1,0,1,hyb,interhyb,1,2,5,1,0,0,1,1,6,6,0.833333333,0,1,0,10,0.344827586,2,2,2,1,0
147,147,f1,LLAN,662,LLAN662,LLAN6,EV,0,SANAN,10482,EV,1,4,10,3.9,0,0,1,0,0,0,inter,interpop,1,2,2,0,0,0,1,1,2,2,1,0,1,0,8.33,0.287355172,1,1,2,2,1
148,148,f1,NEFF,8132,NEFF8132,NEFF13,EV,0,SANAN,10253,EV,1,26,10,3.7,0,0,1,0,0,0,inter,interpop,1,2,8,6,8,0,9,0,9,9,0.888888889,0,1,0,6.5,0.224137931,NA,NA,2,2,1
149,149_1,f2,NEFF,852,NEFF852,NEFF5,EV,0,DAVIS,2351,EC,0,39,7.25,2.375,0,0,0,1,0,1,hyb,interhyb,1,NA,NA,NA,NA,22,0,1,NA,22,NA,21,NA,0.954545455,11.25,0.387931034,1,1,5,5,1
150,150,f1,LLAN,663,LLAN663,LLAN6,EV,1,DAVIS,2292,EC,1,7,17,7,0,0,0,1,0,1,hyb,interhyb,1,2,2,0,0,0,1,1,7,7,0.285714286,5,1,0.714285714,13.33,0.459770115,1,1,5,5,1
151,151,f1,LLAN,663,LLAN663,LLAN6,EV,1,PALM,961,EV,1,6,16,6.6,0,0,1,0,0,0,inter,interpop,1,2,1,1,0,0,1,1,5,5,0.2,5,1,1,9,0.310344828,1,1,2,2,1
153,153,f1,SANAN,10484,SANAN10484,SANAN48,EV,0,LLAN,4423,EC,0,14,11,5,0,0,0,1,0,1,hyb,interhyb,1,2,2,2,0,0,1,1,10,10,0.2,8,0.31,0.8,9,0.310344828,2,2,4,4,1
154,154,f1,SANAN,10482,SANAN10482,SANAN48,EV,0,DAVIS,2161,EC,0,12,7,3.1,0,0,0,1,0,1,hyb,interhyb,1,2,4,3,0,0,10,1,9,9,0.444444444,9,0.31,1,13,0.448275862,2,2,5,5,1
154,154_1,f2,SANAN,10482,SANAN10482,SANAN48,EV,0,DAVIS,2161,EC,0,0,8.75,4.225,0,0,0,1,0,1,hyb,interhyb,1,NA,NA,NA,NA,0,0,1,NA,0,NA,0,1,0,13,0.448275862,2,2,5,5,1
154,154_2,f2,SANAN,10482,SANAN10482,SANAN48,EV,0,DAVIS,2161,EC,0,0,NA,NA,0,0,0,1,0,1,hyb,interhyb,1,NA,NA,NA,NA,0,0,1,NA,0,NA,0,1,0,13,0.448275862,2,2,5,5,1
156,156,f1,MURR,5392,MURR5392,MURR39,EV,0,NEFF,853,EV,1,7,13,3.6,0,0,1,0,0,0,inter,interpop,1,3,0,0,0,0,1,1,7,7,0,6,0.3,0.857142857,6.5,0.224137931,1,1,1,1,0
157,157,f1,LLAN,663,LLAN663,LLAN6,EV,1,LLAN,641,EC,1,7,12,4.6,0,0,0,0,0,1,hyb,intrahyb,1,3,3,2,3,0,7,1,6,6,0.5,6,1,1,NA,NA,1,1,2,2,1
157,157_1,f2,LLAN,663,LLAN663,LLAN6,EV,1,LLAN,641,EC,1,0,7.75,4.125,0,0,0,0,0,1,hyb,intrahyb,1,NA,NA,NA,NA,0,0,1,NA,0,NA,0,1,0,NA,NA,1,1,2,2,1
157,157_3,f2,LLAN,663,LLAN663,LLAN6,EV,1,LLAN,641,EC,1,0,6.5,2.2,0,0,0,0,0,1,hyb,intrahyb,1,NA,NA,NA,NA,0,0,1,NA,0,NA,0,1,0,NA,NA,1,1,2,2,1
158,158,f1,LLAN,663,LLAN663,LLAN6,EV,0,FALL,731,EV,1,5,11,4.7,0,0,1,0,0,0,inter,interpop,1,3,5,5,1,0,1,1,6,6,0.833333333,6,1,1,10.33,0.356321839,1,1,2,2,1
158,158_2,f2,LLAN,663,LLAN663,LLAN6,EV,0,FALL,731,EV,1,0,7.5,3.35,0,0,1,0,0,0,inter,interpop,1,NA,NA,NA,NA,0,0,1,NA,0,NA,0,1,0,10.33,0.356321839,1,1,2,2,1
158,158_4,f2,LLAN,663,LLAN663,LLAN6,EV,0,FALL,731,EV,1,13,8,3.725,0,0,1,0,0,0,inter,interpop,1,NA,NA,NA,NA,12,0,1,NA,12,NA,12,1,1,10.33,0.356321839,1,1,2,2,1
158,158_5,f2,LLAN,663,LLAN663,LLAN6,EV,0,FALL,731,EV,1,30,11,4.975,0,0,1,0,0,0,inter,interpop,1,NA,NA,NA,NA,21,0,1,NA,21,NA,21,1,1,10.33,0.356321839,1,1,2,2,1
158,158_1,f2,workin,663,LLAN663,LLAN6,EV,0,FALL,731,EV,1,0,9.75,4.275,0,0,1,0,0,0,inter,interpop,1,NA,NA,NA,NA,0,0,1,NA,0,NA,0,1,0,10.33,0.356321839,1,1,2,2,1
159,159,f1,SANAN,10164,SANAN10164,SANAN16,EV,0,SANAN,10485,EV,0,11,13,5.8,0,1,0,0,0,0,intra,intrapop,1,3,7,3,0,0,10,1,7,7,1,6,1,0.857142857,7,0.24137931,2,2,2,2,0
159,159_1,f2,SANAN,10164,SANAN10164,SANAN16,EV,0,SANAN,10485,EV,0,12,9,3.5,0,1,0,0,0,0,intra,intrapop,1,NA,NA,NA,NA,11,0,1,NA,11,NA,11,0.857142857,1,7,0.24137931,2,2,2,2,0
159,159_7,f2,SANAN,10164,SANAN10164,SANAN16,EV,0,SANAN,10485,EV,0,2,7,2.475,0,1,0,0,0,0,intra,intrapop,1,NA,NA,NA,NA,2,0,1,NA,2,NA,2,0.857142857,1,7,0.24137931,2,2,2,2,0
161,161,f1,PALM,9461,PALM9461,PALM46,EV,0,LLAN,664,EV,1,4,9,6,0,0,1,0,0,0,inter,interpop,1,2,3,2,0,0,1,1,3,3,1,2,0.76,0.666666667,8.16,0.28137931,NA,NA,1,1,1
162,162,f1,LLAN,6486,LLAN6486,LLAN48,EV,0,KEY,4201,EV,0,19,12,5.4,0,0,1,0,0,0,inter,interpop,1,2,2,1,0,0,10,1,7,7,0.285714286,7,1,1,8,0.275862069,2,2,2,1,0
162,162_2,f2,LLAN,6486,LLAN6486,LLAN48,EV,0,KEY,4201,EV,0,26,8.25,3.8,0,0,1,0,0,0,inter,interpop,1,NA,NA,NA,NA,24,0,1,NA,24,NA,24,1,1,8,0.275862069,2,2,2,1,0
163,163,f1,PALM,9361,PALM9361,PALM36,EV,1,DAVIS,2181,EC,1,20,7,3.9,0,0,0,0,0,1,hyb,interhyb,1,2,7,7,7,0,10,0,10,10,0.7,0,0.53,0,12,0.413793103,2,2,5,5,1
164,164,f1,PALM,993,PALM993,PALM9,EV,0,SANAN,1071,EV,1,8,8,3,0,0,1,0,0,0,inter,interpop,1,2,1,0,0,0,1,1,7,7,0.142857143,6,1,0.857142857,6,0.206896552,2,2,2,2,0
166,166,f1,MURR,5392,MURR5392,MURR39,EV,0,FALL,7191,EV,0,30,15,4.4,0,0,1,0,0,0,inter,interpop,1,2,0,0,0,0,1,1,10,10,0,5,0.3,0.5,6,0.206896552,1,1,NA,NA,NA
167,167,f1,SANAN,10165,SANAN10165,SANAN16,EV,1,KEY,4201,EV,0,14,10,4.9,0,0,1,0,0,0,inter,interpop,1,2,2,0,1,0,12,1,10,10,0.2,5,1,0.5,3,0.103448276,2,2,2,1,0
167,167_1,f2,SANAN,10165,SANAN10165,SANAN16,EV,1,KEY,4201,EV,0,59,10.75,5.275,0,0,1,0,0,0,inter,interpop,1,NA,NA,NA,NA,29,0,1,NA,29,NA,29,0.5,1,3,0.103448276,2,2,2,1,0
168,168,f1,SANAN,10165,SANAN10165,SANAN16,EV,0,LLAN,664,EC,1,16,9,4.1,0,0,0,1,0,1,hyb,interhyb,1,2,5,4,1,0,1,1,16,16,0.3125,13,1,0.8125,12.67,0.436781609,2,2,1,1,1
170,170,f1,LLAN,621,LLAN621,LLAN2,EV,1,SLIDE,11151,EC,1,15,16,4.6,0,0,0,0,0,1,hyb,interhyb,1,3,2,1,2,0,9,1,8,8,0.25,8,0.71,1,NA,NA,2,2,7,7,1
170,170_1,f2,LLAN,621,LLAN621,LLAN2,EV,1,SLIDE,11151,EC,1,0,8.25,3.55,0,0,0,0,0,1,hyb,interhyb,1,NA,NA,NA,NA,0,0,1,NA,0,NA,0,1,0,NA,NA,2,2,7,7,1
171,171,f1,PALM,9192,PALM9192,PALM19,EV,1,THUN,1351,EC,0,4,9,5.5,0,0,0,0,0,1,hyb,interhyb,1,2,2,1,2,0,4,1,3,3,0.666666667,0,1,0,NA,NA,NA,NA,4,4,1
172,172,f1,SANAN,1072,SANAN1072,SANAN7,EV,0,PALM,9462,EV,0,16,NA,NA,0,0,1,0,0,0,inter,interpop,1,3,1,1,1,0,1,1,10,10,0.1,10,1,1,9,0.310344828,2,2,NA,NA,NA
175,175,f1,SANAN,10486,SANAN10486,SANAN48,EV,0,SANAN,10165,EV,0,13,11,4.3,0,1,0,0,0,0,intra,intrapop,1,3,4,4,1,4,6,1,10,10,0.4,9,0.31,0.9,7,0.24137931,2,2,2,2,0
175,175_1,f2,SANAN,10486,SANAN10486,SANAN48,EV,0,SANAN,10165,EV,0,0,9.75,3.975,0,1,0,0,0,0,intra,intrapop,1,NA,NA,NA,NA,0,0,1,NA,0,NA,0,0.9,0,7,0.24137931,2,2,2,2,0
175,175_2,f2,SANAN,10486,SANAN10486,SANAN48,EV,0,SANAN,10165,EV,0,46,7.75,2.8,0,1,0,0,0,0,intra,intrapop,1,NA,NA,NA,NA,24,0,1,NA,24,NA,24,0.9,1,7,0.24137931,2,2,2,2,0
175,175_3,f2,SANAN,10486,SANAN10486,SANAN48,EV,0,SANAN,10165,EV,0,0,1.25,0.5,0,1,0,0,0,0,intra,intrapop,1,NA,NA,NA,NA,0,0,1,NA,0,NA,0,0.9,0,7,0.24137931,2,2,2,2,0
175,175_4,f2,SANAN,10486,SANAN10486,SANAN48,EV,0,SANAN,10165,EV,0,90,13,5.75,0,1,0,0,0,0,intra,intrapop,1,NA,NA,NA,NA,30,0,1,NA,30,NA,30,0.9,1,7,0.24137931,2,2,2,2,0
176,176,f1,SANAN,10486,SANAN10486,SANAN48,EV,0,DAVIS,2382,EC,0,14,13,3.8,0,0,0,1,0,1,hyb,interhyb,1,3,9,9,1,0,10,1,10,10,0.9,7,0.31,0.7,12,0.413793103,2,2,5,5,1
176,176_2,f2,SANAN,10486,SANAN10486,SANAN48,EV,0,DAVIS,2382,EC,0,0,7.75,2,0,0,0,1,0,1,hyb,interhyb,1,NA,NA,NA,NA,0,0,1,NA,0,NA,0,0.7,0,12,0.413793103,2,2,5,5,1
176,176_3,f2,SANAN,10486,SANAN10486,SANAN48,EV,0,DAVIS,2382,EC,0,35,6.5,2.3,0,0,0,1,0,1,hyb,interhyb,1,NA,NA,NA,NA,20,0,1,NA,20,NA,19,0.7,0.95,12,0.413793103,2,2,5,5,1
176,176_4,f2,SANAN,10486,SANAN10486,SANAN48,EV,0,DAVIS,2382,EC,0,13,8,2.275,0,0,0,1,0,1,hyb,interhyb,1,NA,NA,NA,NA,13,0,1,NA,13,NA,13,0.7,1,12,0.413793103,2,2,5,5,1
176,176_5,f2,SANAN,10486,SANAN10486,SANAN48,EV,0,DAVIS,2382,EC,0,55,7.75,3.475,0,0,0,1,0,1,hyb,interhyb,1,NA,NA,NA,NA,30,0,1,NA,30,NA,30,0.7,1,12,0.413793103,2,2,5,5,1
176,176_7,f2,SANAN,10486,SANAN10486,SANAN48,EV,0,DAVIS,2382,EC,0,0,4.666666667,1.8,0,0,0,1,0,1,hyb,interhyb,1,NA,NA,NA,NA,0,0,1,NA,0,NA,0,0.7,0,12,0.413793103,2,2,5,5,1
177,177,f1,LLAN,666,LLAN666,LLAN6,EV,0,LLAN,6421,EC,1,21,8,3.6,0,0,0,0,1,1,hyb,intrahyb,1,2,3,3,1,0,10,1,10,10,0.3,4,1,0.4,12,0.413793103,1,1,4,4,1
177,177_2,f2,LLAN,666,LLAN666,LLAN6,EV,0,LLAN,6421,EC,1,0,6,3.225,0,0,0,0,1,1,hyb,intrahyb,1,NA,NA,NA,NA,0,0,1,NA,0,NA,0,0.4,0,12,0.413793103,1,1,4,4,1
178,178,f1,MURR,5321,MURR5321,MURR32,EV,1,LLAN,665,EC,0,7,13,3.5,0,0,0,1,0,1,hyb,interhyb,1,4,0,0,0,0,1,1,5,5,0,5,0.85,1,10.17,0.350574724,1,1,1,1,0
181,181,f1,SANAN,1072,SANAN1072,SANAN7,EV,0,LLAN,6487,EC,1,NA,NA,NA,0,0,0,1,0,1,hyb,interhyb,1,2,8,6,16,0,1,1,14,14,0.571428571,9,1,0.642857143,8.5,0.293103448,2,2,2,2,0
181,181_4,f2,SANAN,1072,SANAN1072,SANAN7,EV,0,LLAN,6487,EC,1,7,10,4.575,0,0,0,1,0,1,hyb,interhyb,1,NA,NA,NA,NA,7,0,1,NA,7,NA,6,0.642857143,0.857142857,8.5,0.293103448,2,2,2,2,0
181,181_5,f2,SANAN,1072,SANAN1072,SANAN7,EV,0,LLAN,6487,EC,1,0,13,5.85,0,0,0,1,0,1,hyb,interhyb,1,NA,NA,NA,NA,0,0,1,NA,0,NA,0,0.642857143,0,8.5,0.293103448,2,2,2,2,0
181,181_6,f2,SANAN,1072,SANAN1072,SANAN7,EV,0,LLAN,6487,EC,1,0,8,3.075,0,0,0,1,0,1,hyb,interhyb,1,NA,NA,NA,NA,0,0,1,NA,0,NA,0,0.642857143,0,8.5,0.293103448,2,2,2,2,0
181,181_7,f2,SANAN,1072,SANAN1072,SANAN7,EV,0,LLAN,6487,EC,1,0,10.25,3.675,0,0,0,1,0,1,hyb,interhyb,1,NA,NA,NA,NA,0,0,1,NA,0,NA,0,0.642857143,0,8.5,0.293103448,2,2,2,2,0
182,182,f1,TORO,1261,TORO1261,TORO26,EV,0,LLAN,665,EV,0,18,14,3.5,0,0,1,0,0,0,inter,interpop,1,2,10,9,1,1,10,1,10,10,1,10,1,1,10.5,0.362068966,3,3,1,1,1
182,182_2,f2,TORO,1261,TORO1261,TORO26,EV,0,LLAN,665,EV,0,0,11.25,5.3,0,0,1,0,0,0,inter,interpop,1,NA,NA,NA,NA,0,0,1,NA,0,NA,0,1,0,10.5,0.362068966,3,3,1,1,1
182,182_3,f2,TORO,1261,TORO1261,TORO26,EV,0,LLAN,665,EV,0,0,9.25,4.375,0,0,1,0,0,0,inter,interpop,1,NA,NA,NA,NA,0,0,1,NA,0,NA,0,1,0,10.5,0.362068966,3,3,1,1,1
182,182_4,f2,TORO,1261,TORO1261,TORO26,EV,0,LLAN,665,EV,0,17,6.5,2.575,0,0,1,0,0,0,inter,interpop,1,NA,NA,NA,NA,16,0,1,NA,16,NA,6,1,0.375,10.5,0.362068966,3,3,1,1,1
182,182_5,f2,TORO,1261,TORO1261,TORO26,EV,0,LLAN,665,EV,0,0,12,5.925,0,0,1,0,0,0,inter,interpop,1,NA,NA,NA,NA,0,0,1,NA,0,NA,0,1,0,10.5,0.362068966,3,3,1,1,1
182,182_8,f2,TORO,1261,TORO1261,TORO26,EV,0,LLAN,665,EV,0,0,13.5,5.675,0,0,1,0,0,0,inter,interpop,1,NA,NA,NA,NA,0,0,1,NA,0,NA,0,1,0,10.5,0.362068966,3,3,1,1,1
182,182_9,f2,TORO,1261,TORO1261,TORO26,EV,0,LLAN,665,EV,0,0,8,2.6,0,0,1,0,0,0,inter,interpop,1,NA,NA,NA,NA,0,0,1,NA,0,NA,0,1,0,10.5,0.362068966,3,3,1,1,1
183,183,f1,TORO,1261,TORO1261,TORO26,EV,0,DAVIS,2383,EC,1,19,15,4.2,0,0,0,1,0,1,hyb,interhyb,1,2,8,7,1,0,1,1,8,8,1,8,1,1,7.5,0.25862069,3,3,5,5,1
183,183_1,f2,TORO,1261,TORO1261,TORO26,EV,0,DAVIS,2383,EC,1,0,NA,NA,0,0,0,1,0,1,hyb,interhyb,1,NA,NA,NA,NA,0,0,1,NA,0,NA,0,NA,0,7.5,0.25862069,3,3,5,5,1
183,183_3,f2,TORO,1261,TORO1261,TORO26,EV,0,DAVIS,2383,EC,1,0,NA,NA,0,0,0,1,0,1,hyb,interhyb,1,NA,NA,NA,NA,0,0,1,NA,0,NA,0,1,0,7.5,0.25862069,3,3,5,5,1
183,183_7,f2,TORO,1261,TORO1261,TORO26,EV,0,DAVIS,2383,EC,1,0,NA,NA,0,0,0,1,0,1,hyb,interhyb,1,NA,NA,NA,NA,0,0,1,NA,0,NA,0,1,0,7.5,0.25862069,3,3,5,5,1
183,183_8,f2,TORO,1261,TORO1261,TORO26,EV,0,DAVIS,2383,EC,1,0,NA,NA,0,0,0,1,0,1,hyb,interhyb,1,NA,NA,NA,NA,0,0,1,NA,0,NA,0,1,0,7.5,0.25862069,3,3,5,5,1
184,184,f1,LLAN,621,LLAN621,LLAN2,EV,1,LLAN,665,EC,1,30,18,7.4,0,0,0,0,0,1,hyb,intrahyb,1,3,11,4,11,0,9,1,11,9,1,9,0.71,1,NA,NA,2,2,1,1,1
184,184_1,f2,LLAN,621,LLAN621,LLAN2,EV,1,LLAN,665,EC,1,0,10.25,4.125,0,0,0,0,0,1,hyb,intrahyb,1,NA,NA,NA,NA,0,0,1,NA,0,NA,0,1,0,NA,NA,2,2,1,1,1
184,184_2,f2,LLAN,621,LLAN621,LLAN2,EV,1,LLAN,665,EC,1,0,7.75,3.35,0,0,0,0,0,1,hyb,intrahyb,1,NA,NA,NA,NA,0,0,1,NA,0,NA,0,1,0,NA,NA,2,2,1,1,1
184,184_3,f2,LLAN,621,LLAN621,LLAN2,EV,1,LLAN,665,EC,1,0,NA,NA,0,0,0,0,0,1,hyb,intrahyb,1,NA,NA,NA,NA,0,0,1,NA,0,NA,0,1,0,NA,NA,2,2,1,1,1
184,184_5,f2,LLAN,621,LLAN621,LLAN2,EV,1,LLAN,665,EC,1,0,7,2.475,0,0,0,0,0,1,hyb,intrahyb,1,NA,NA,NA,NA,0,0,1,NA,0,NA,0,1,0,NA,NA,2,2,1,1,1
189,189,f1,SANAN,10164,SANAN10164,SANAN16,EV,0,NEFF,831,EV,1,2,10,4.2,0,0,1,0,0,0,inter,interpop,1,3,1,1,1,0,1,1,2,2,0.5,2,1,1,8,0.275862069,2,2,2,1,0
189,189_1,f2,SANAN,10164,SANAN10164,SANAN16,EV,1,NEFF,831,EV,1,22,10.5,4.875,0,0,1,0,0,0,inter,interpop,1,NA,NA,NA,NA,14,0,1,NA,14,NA,14,1,1,8,0.275862069,2,2,2,1,0
190,190,f1,LLAN,6486,LLAN6486,LLAN48,EV,0,SANAN,10485,EV,0,9,10,3.4,0,0,1,0,0,0,inter,interpop,1,2,4,3,0,1,9,1,8,8,0.5,7,1,0.875,6.5,0.224137931,2,2,2,2,0
190,190_2,f2,LLAN,6486,LLAN6486,LLAN48,EV,0,SANAN,10485,EV,0,139,10.25,5.125,0,0,1,0,0,0,inter,interpop,1,NA,NA,NA,NA,29,0,1,NA,29,NA,29,0.875,1,6.5,0.224137931,2,2,2,2,0
193,193,f1,KEY,4203,KEY4203,KEY20,EV,0,FALL,7192,EV,0,14,14,4.8,0,0,1,0,0,0,inter,interpop,1,3,1,1,0,0,1,1,10,10,0.1,7,0.9,0.7,9,0.310344828,2,1,NA,NA,NA
196,196,f1,SANAN,10166,SANAN10166,SANAN16,EV,0,LLAN,6351,EC,0,5,7,3,0,0,0,1,0,1,hyb,interhyb,1,3,3,3,0,0,5,1,4,4,0.75,4,1,1,15,0.517241379,2,2,4,2,1
196,196_1,f2,SANAN,10166,SANAN10166,SANAN16,EV,0,LLAN,6351,EC,0,0,10.5,5.4,0,0,0,1,0,1,hyb,interhyb,1,NA,NA,NA,NA,0,0,1,NA,0,NA,0,1,0,15,0.517241379,2,2,4,2,1
196,196_2,f2,SANAN,10166,SANAN10166,SANAN16,EV,0,LLAN,6351,EC,0,0,7.75,3.575,0,0,0,1,0,1,hyb,interhyb,1,NA,NA,NA,NA,0,0,1,NA,0,NA,0,1,0,15,0.517241379,2,2,4,2,1
196,196_3,f2,SANAN,10166,SANAN10166,SANAN16,EV,0,LLAN,6351,EC,0,0,7.75,3.475,0,0,0,1,0,1,hyb,interhyb,1,NA,NA,NA,NA,0,0,1,NA,0,NA,0,1,0,15,0.517241379,2,2,4,2,1
197,197,f1,PALM,9463,PALM9463,PALM46,EV,0,PALM,9362,EV,1,12,9,4.9,0,1,0,0,0,0,intra,intrapop,1,2,2,1,0,0,1,1,9,9,0.222222222,1,0.76,0.111111111,9.5,0.327586207,NA,NA,NA,NA,NA
200,200,f1,FALL,731,FALL731,FALL3,EV,0,LLAN,6422,EC,1,17,12,6.9,0,0,0,1,0,1,hyb,interhyb,1,3,6,3,0,0,9,1,7,7,0.857142857,7,0.8,1,10,0.344827586,2,2,4,4,1
200,200_1,f2,FALL,731,FALL731,FALL3,EV,0,LLAN,6422,EC,1,0,NA,NA,0,0,0,1,0,1,hyb,interhyb,1,NA,NA,NA,NA,0,0,1,NA,0,NA,0,1,0,10,0.344827586,2,2,4,4,1
200,200_3,f2,FALL,731,FALL731,FALL3,EV,0,LLAN,6422,EC,1,0,7.75,3.6,0,0,0,1,0,1,hyb,interhyb,1,NA,NA,NA,NA,0,0,1,NA,0,NA,0,1,0,10,0.344827586,2,2,4,4,1
200,200_5,f2,FALL,731,FALL731,FALL3,EV,0,LLAN,6422,EC,1,0,NA,NA,0,0,0,1,0,1,hyb,interhyb,1,NA,NA,NA,NA,0,0,1,NA,0,NA,0,1,0,10,0.344827586,2,2,4,4,1
200,200_6,f2,FALL,731,FALL731,FALL3,EV,0,LLAN,6422,EC,1,0,7.5,4.1,0,0,0,1,0,1,hyb,interhyb,1,NA,NA,NA,NA,0,0,1,NA,0,NA,0,1,0,10,0.344827586,2,2,4,4,1
202,202,f1,PALM,9281,PALM9281,PALM28,EV,1,DAVIS,2131,EC,1,11,7,3.4,0,0,0,1,0,1,hyb,interhyb,1,4,0,0,0,0,1,1,7,7,0,7,1,1,13,0.448275862,2,2,5,5,1
203,203,f1,NEFF,852,NEFF852,NEFF5,EV,1,LLAN,6371,EC,0,7,9,4.5,0,0,0,1,0,1,hyb,interhyb,1,4,0,0,0,0,1,1,6,6,0,3,1,0.5,11.5,0.396551724,1,1,4,4,1
204,204,f1,NEFF,852,NEFF852,NEFF5,EV,1,THUN,1371,EC,1,9,7,3.2,0,0,0,1,0,1,hyb,interhyb,1,2,1,1,0,0,9,1,9,9,0.111111111,9,1,1,13.5,0.465517241,1,1,7,7,1
204,204_1,f2,NEFF,852,NEFF852,NEFF5,EV,1,THUN,1371,EC,1,76,10.5,3.625,0,0,0,1,0,1,hyb,interhyb,1,NA,NA,NA,NA,31,0,1,NA,31,NA,31,1,1,13.5,0.465517241,1,1,7,7,1
206,206,f1,SANAN,10486,SANAN10486,SANAN48,EV,0,KEY,4271,EV,1,5,7,3.5,0,0,1,0,0,0,inter,interpop,1,2,1,0,0,0,1,1,3,3,0.333333333,3,0.31,1,6,0.206896552,2,2,NA,NA,NA
207,207,f1,FALL,721,FALL721,FALL2,EV,0,KEY,4271,EV,0,21,8,3.2,0,0,1,0,0,0,inter,interpop,1,3,0,0,0,0,1,1,9,9,0,9,0.5,1,6,0.206896552,2,2,NA,NA,NA
209,209,f1,SANAN,10292,SANAN10292,SANAN29,EV,1,NEFF,832,EV,0,10,6,3.6,0,0,1,0,0,0,inter,interpop,1,4,9,9,9,0,10,0,10,10,0.9,0,0.74,0,7,0.24137931,NA,NA,2,1,1
212,212,f1,PALM,9341,PALM9341,PALM34,EV,1,DAVIS,291,EC,1,21,9,4.4,0,0,0,1,0,1,hyb,interhyb,1,4,2,2,1,0,10,1,10,10,0.2,10,0.74,1,12,0.413793103,2,2,4,4,1
212,212_1,f2,PALM,9341,PALM9341,PALM34,EV,1,DAVIS,291,EC,1,0,7.75,4.175,0,0,0,1,0,1,hyb,interhyb,1,NA,NA,NA,NA,0,0,1,NA,0,NA,0,1,0,12,0.413793103,2,2,4,4,1
212,212_2,f2,PALM,9341,PALM9341,PALM34,EV,1,DAVIS,291,EC,1,0,11,5.85,0,0,0,1,0,1,hyb,interhyb,1,NA,NA,NA,NA,0,0,1,NA,0,NA,0,1,0,12,0.413793103,2,2,4,4,1
213,213,f1,KEY,4204,KEY4204,KEY20,EV,0,SANAN,1072,EV,1,25,10,4.4,0,0,1,0,0,0,inter,interpop,1,4,0,0,0,0,1,1,0,0,NA,0,0.9,0,6,0.206896552,2,1,2,2,0
214,214,f1,FALL,721,FALL721,FALL2,EV,1,THUN,1371,EC,1,8,8,2.9,0,0,0,1,0,1,hyb,interhyb,1,4,0,0,0,0,1,1,4,4,0,1,0.5,0.25,15,0.517241379,2,2,7,7,1
215,215_1,f1,SANAN,1072,SANAN1072,SANAN7,EV,0,FALL,721,EV,0,16,8,4.3,0,0,0,1,0,1,inter,interhyb,1,4,0,NA,0,0,1,1,8,8,0,8,1,1,7,0.24137931,2,2,7,7,1
215,215_2,f1,SANAN,1072,SANAN1072,SANAN7,EV,0,FALL,721,EV,0,24,9,4.5,0,0,1,0,0,0,inter,interpop,1,4,0,NA,0,0,1,1,10,10,0,3,1,0.3,7,0.24137931,2,2,NA,NA,NA
216,216,f1,SANAN,1073,SANAN1073,SANAN7,EV,0,BON,112,EV,0,6,13,6.5,0,0,1,0,0,0,inter,interpop,1,4,0,0,0,0,1,1,3,3,0,0,1,0,7.5,0.25862069,2,2,1,7,1
217,217,f1,NEFF,854,NEFF854,NEFF5,EV,0,NEFF,861,EV,0,6,11,5.2,0,0,1,0,0,0,intra,intrapop,1,4,1,0,1,0,6,1,6,6,0.166666667,6,1,1,9.5,0.327586207,1,1,2,2,1
217,217_1,f2,NEFF,854,NEFF854,NEFF5,EV,0,NEFF,861,EV,0,3,7.5,2.7,0,0,1,0,0,0,intra,intrapop,1,NA,NA,NA,NA,3,0,1,NA,3,NA,3,1,1,9.5,0.327586207,1,1,2,2,1
219,219,f1,NEFF,861,NEFF861,NEFF6,EV,1,FALL,722,EV,1,12,8,3.9,0,0,1,0,0,0,inter,interpop,1,4,0,0,0,0,1,1,1,1,0,1,1,1,8,0.275862069,2,2,NA,NA,NA
221,221,f1,PALM,9101,PALM9101,PALM10,EV,0,DAVIS,2201,EC,0,7,10,3.8,0,0,0,1,0,1,hyb,interhyb,1,4,5,5,1,0,7,1,6,6,0.833333333,6,0.97,1,11.33,0.390804598,2,2,5,5,1
221,221_2,f2,PALM,9101,PALM9101,PALM10,EV,0,DAVIS,2201,EC,0,0,9.75,4.95,0,0,0,1,0,1,hyb,interhyb,1,NA,NA,NA,NA,0,0,1,NA,0,NA,0,1,0,11.33,0.390804598,2,2,5,5,1
221,221_3,f2,PALM,9101,PALM9101,PALM10,EV,0,DAVIS,2201,EC,0,0,10,4.75,0,0,0,1,0,1,hyb,interhyb,1,NA,NA,NA,NA,0,0,1,NA,0,NA,0,1,0,11.33,0.390804598,2,2,5,5,1
221,221_4,f2,PALM,9101,PALM9101,PALM10,EV,0,DAVIS,2201,EC,0,0,11.25,4.9,0,0,0,1,0,1,hyb,interhyb,1,NA,NA,NA,NA,0,0,1,NA,0,NA,0,1,0,11.33,0.390804598,2,2,5,5,1
221,221_5,f2,PALM,9101,PALM9101,PALM10,EV,0,DAVIS,2201,EC,0,0,10.5,4.875,0,0,0,1,0,1,hyb,interhyb,1,NA,NA,NA,NA,0,0,1,NA,0,NA,0,1,0,11.33,0.390804598,2,2,5,5,1
222,222,f1,TEX,1461,TEX1461,TEX6,EV,0,SLIDE,11211,EC,0,21,17,6.2,0,0,0,0,0,1,hyb,interhyb,1,4,5,5,5,1,10,0,10,10,0.5,0,0.5,0,14,0.482758621,2,2,NA,NA,NA
223,223,f1,TEX,14321,TEX14321,TEX32,EV,0,DAVIS,2151,EC,0,13,10,2.5,0,0,0,0,0,1,hyb,interhyb,1,4,3,3,3,0,9,0,9,9,0.333333333,0,0.55,0,17.5,0.603448276,NA,NA,5,5,1
224,224,f1,NEFF,8132,NEFF8132,NEFF13,EV,0,PALM,9342,EV,0,9,9,3.8,0,0,1,0,0,0,inter,interpop,1,4,6,6,6,1,10,1,7,7,0.857142857,1,1,0.142857143,8.5,0.293103448,NA,NA,2,2,1
224,224_6,f2,NEFF,8132,NEFF8132,NEFF13,EV,0,PALM,9342,EV,0,0,9.75,4.25,0,0,1,0,0,0,inter,interpop,0,NA,NA,NA,NA,0,0,1,NA,0,NA,0,0.142857143,0,8.5,0.293103448,NA,NA,2,2,1
225,225,f1,FALL,732,FALL732,FALL3,EV,0,SLIDE,11212,EC,0,3,9,4.4,0,0,0,1,0,1,hyb,interhyb,1,4,3,3,1,3,0,1,3,1,1,1,0.8,1,12,0.413793103,2,2,NA,NA,NA
225,225_3,f2,FALL,732,FALL732,FALL3,EV,0,SLIDE,11212,EC,0,0,11,6.15,0,0,0,1,0,1,hyb,interhyb,1,NA,NA,NA,NA,0,0,1,NA,0,NA,0,1,0,12,0.413793103,2,2,NA,NA,NA
226,226,f1,TEX,14322,TEX14322,TEX32,EV,0,DAVIS,2281,EC,0,12,9,2.5,0,0,0,0,0,1,hyb,interhyb,1,4,3,3,3,3,10,1,10,10,0.3,3,0.55,0.3,11.5,0.396551724,NA,NA,5,5,1
226,226_1,f2,TEX,14322,TEX14322,TEX32,EV,0,DAVIS,2281,EC,0,16,11,3.55,0,0,0,0,0,1,hyb,interhyb,1,NA,NA,NA,NA,11,0,1,NA,11,NA,0,0.3,0,11.5,0.396551724,NA,NA,5,5,1
226,226_2,f2,TEX,14322,TEX14322,TEX32,EV,0,DAVIS,2281,EC,0,3,10.25,3.1,0,0,0,0,0,1,hyb,interhyb,1,NA,NA,NA,NA,0,0,1,NA,0,NA,0,0.3,0,11.5,0.396551724,NA,NA,5,5,1
227,227,f1,NEFF,852,NEFF852,NEFF5,EV,0,TEX,1462,EV,0,26,11,3.8,0,0,1,0,0,0,inter,interpop,1,4,5,5,0,0,1,1,8,8,0.625,8,1,1,9.5,0.327586207,1,1,2,2,1
227,227_1,f2,NEFF,852,NEFF852,NEFF5,EV,0,TEX,1462,EV,0,2,12.75,4.45,0,0,1,0,0,0,inter,interpop,1,NA,NA,NA,NA,2,0,1,NA,2,NA,2,1,1,9.5,0.327586207,1,1,2,2,1
227,227_2,f2,NEFF,852,NEFF852,NEFF5,EV,0,TEX,1462,EV,0,0,10.33333333,3.466666667,0,0,1,0,0,0,inter,interpop,1,NA,NA,NA,NA,0,0,1,NA,0,NA,0,1,0,9.5,0.327586207,1,1,2,2,1
227,227_4,f2,NEFF,852,NEFF852,NEFF5,EV,0,TEX,1462,EV,0,0,12.75,4.6,0,0,1,0,0,0,inter,interpop,1,NA,NA,NA,NA,0,0,1,NA,0,NA,0,1,0,9.5,0.327586207,1,1,2,2,1
227,227_5,f2,NEFF,852,NEFF852,NEFF5,EV,0,TEX,1462,EV,0,0,9,2.45,0,0,1,0,0,0,inter,interpop,1,NA,NA,NA,NA,0,0,1,NA,0,NA,0,1,0,9.5,0.327586207,1,1,2,2,1
229,229,f1,PALM,9442,PALM9442,PALM44,EV,1,DAVIS,2111,EC,0,12,10,4.8,0,0,0,0,0,1,hyb,interhyb,1,4,7,7,7,0,9,0,8,8,0.875,0,0.65,0,12,0.413793103,NA,NA,5,5,1
230,230,f1,NEFF,8133,NEFF8133,NEFF13,EV,0,DAVIS,2111,EC,0,20,12,5.8,0,0,0,1,0,1,hyb,interhyb,1,4,6,6,0,0,1,1,6,6,1,1,1,0.166666667,11.33,0.390804483,NA,NA,5,5,1
232,232,f1,FALL,733,FALL733,FALL3,EV,0,TEX,14181,EV,0,17,12,5.9,0,0,1,0,0,0,inter,interpop,1,4,6,6,0,0,10,1,8,8,0.75,8,0.8,1,13.25,0.456896552,2,2,NA,NA,NA
232,232_1,f2,FALL,733,FALL733,FALL3,EV,0,TEX,14181,EV,0,0,9.5,4.2,0,0,1,0,0,0,inter,interpop,1,NA,NA,NA,NA,0,0,1,NA,0,NA,0,1,0,13.25,0.456896552,2,2,NA,NA,NA
233,233,f1,TORO,12201,TORO12201,TORO20,EV,0,TEX,1461,EV,0,1,11,4.9,0,0,1,0,0,0,inter,interpop,1,4,1,1,1,0,1,0,1,1,1,0,0.05,0,10.5,0.362068966,1,7,2,2,1
235,235,f1,MURR,5394,MURR5394,MURR39,EV,0,DAVIS,2202,EC,0,6,17,4.4,0,0,0,1,0,1,hyb,interhyb,1,4,0,0,0,0,1,1,5,5,0,4,0.3,0.8,16,0.551724138,1,1,5,5,1
237,237,f1,TORO,12204,TORO12204,TORO20,EV,0,DAVIS,2202,EC,0,10,13,4.5,0,0,0,0,0,1,hyb,interhyb,1,4,7,5,7,0,10,0,9,9,0.777777778,0,0.05,0,14.75,0.50862069,1,7,5,5,1
239,239,f1,MURR,5321,MURR5321,MURR32,EV,0,DAVIS,2281,EC,0,13,20,6.5,0,0,0,1,0,1,hyb,interhyb,1,4,1,0,0,0,1,1,7,7,0.142857143,7,0.85,1,12.5,0.431034483,1,1,5,5,1
240,240,f1,PALM,9101,PALM9101,PALM10,EV,0,SLIDE,11211,EC,0,7,9,3.7,0,0,0,1,0,1,hyb,interhyb,1,4,2,2,0,0,7,1,7,7,0.285714286,7,0.97,1,13.67,0.471264368,2,2,NA,NA,NA
240,240_1,f2,PALM,9101,PALM9101,PALM10,EV,0,SLIDE,11211,EC,0,0,11.5,6.25,0,0,0,1,0,1,hyb,interhyb,1,NA,NA,NA,NA,0,0,1,NA,0,NA,0,1,0,13.67,0.471264368,2,2,NA,NA,NA
240,240_2,f2,PALM,9101,PALM9101,PALM10,EV,0,SLIDE,11211,EC,0,0,12.75,7.525,0,0,0,1,0,1,hyb,interhyb,1,NA,NA,NA,NA,0,0,1,NA,0,NA,0,1,0,13.67,0.471264368,2,2,NA,NA,NA
241,241,f1,MURR,5394,MURR5394,MURR39,EV,0,TORO,12203,EV,0,10,10,3.1,0,0,1,0,0,0,inter,interpop,1,4,0,0,0,0,1,1,9,9,0,8,0.3,0.888888889,7.75,0.267241379,1,1,1,7,0
242,242,f1,FALL,734,FALL734,FALL3,EV,0,RIVER,15171,EV,0,17,10,4.2,0,0,1,0,0,0,inter,interpop,1,4,0,0,0,0,1,1,9,9,0,9,0.8,1,11,0.379310345,2,2,1,1,1
248,248,f1,TEX,1472,TEX1472,TEX7,EV,0,THUN,13201,EV,0,12,13,4.5,0,0,1,0,0,0,inter,interpop,1,4,0,0,0,0,1,1,9,9,0,9,0.89,1,12.25,0.422413793,2,2,NA,NA,NA
663,663,f1,LLAN,663,LLAN663,LLAN6,EV,1,NA,NA,NA,NA,13,10,5.1,1,0,0,0,0,0,self,self,0,2,5,3,0,0,1,1,9,9,0.555555556,6,1,0.666666667,NA,NA,1,1,NA,NA,NA
663,663_1,f2,LLAN,663,LLAN663,LLAN6,EV,1,NA,NA,NA,NA,0,9,4.575,1,0,0,0,0,0,self,self,0,NA,NA,NA,NA,0,0,1,NA,0,NA,0,0.666666667,0,NA,NA,1,1,NA,NA,NA
666,666,f1,LLAN,666,LLAN666,LLAN6,EV,0,NA,NA,NA,NA,15,8,3.9,1,0,0,0,0,0,self,self,0,4,0,0,0,0,1,1,10,10,0,2,0,0.2,NA,NA,1,1,NA,NA,NA
851,851,f1,NEFF,851,NEFF851,NEFF5,EV,0,NA,NA,NA,NA,9,10,2.8,1,0,0,0,0,0,self,self,0,2,7,3,0,0,1,1,7,6,1,3,1,0.5,NA,NA,1,1,NA,NA,NA
851,851_1,f2,NEFF,851,NEFF851,NEFF5,EV,0,NA,NA,NA,NA,54,12,4.175,1,0,0,0,0,0,self,self,0,NA,NA,NA,NA,30,0,1,NA,30,NA,0,0.5,0,NA,NA,1,1,NA,NA,NA
851,851_6,f2,NEFF,851,NEFF851,NEFF5,EV,0,NA,NA,NA,NA,4,9,3.125,1,0,0,0,0,0,self,self,0,NA,NA,NA,NA,4,0,1,NA,4,NA,0,0.5,0,NA,NA,1,1,NA,NA,NA
852,852,f1,NEFF,852,NEFF852,NEFF5,EV,1,NA,NA,NA,NA,36,13,3.9,1,0,0,0,0,0,self,self,0,2,2,2,0,1,1,1,7,7,0.285714286,5,1,0.714285714,NA,NA,1,1,NA,NA,NA
852,852_2,f2,NEFF,852,NEFF852,NEFF5,EV,1,NA,NA,NA,NA,13,10.25,3.5,1,0,0,0,0,0,self,self,0,NA,NA,NA,NA,12,0,1,NA,12,NA,12,0.714285714,1,NA,NA,1,1,NA,NA,NA
1073,1073,f1,SANAN,1073,SANAN1073,SANAN7,EV,0,NA,NA,NA,NA,67,10,6,1,0,0,0,0,0,self,self,0,4,0,0,0,0,1,1,6,6,0,4,1,0.666666667,NA,NA,2,2,NA,NA,NA
1472,1472,f1,TEX,1472,TEX1472,TEX7,EV,0,TEX,1472,EV,0,10,14,4.8,1,0,0,0,0,0,self,self,0,4,4,3,4,0,10,1,10,10,0.4,9,0.89,0.9,NA,NA,2,2,2,2,0
1472,1472,f2,TEX,1472,TEX1472,TEX7,EV,0,TEX,1472,EV,0,0,9,2.8,1,0,0,0,0,0,self,self,0,NA,NA,NA,NA,0,0,1,NA,0,0,0,0.9,0,NA,NA,2,2,2,2,0
6486,6486,f1,LLAN,6486,LLAN6486,LLAN48,EV,1,NA,NA,NA,NA,19,11,4.7,1,0,0,0,0,0,self,self,0,2,3,3,0,0,1,1,10,10,0.3,9,1,0.9,NA,NA,2,2,NA,NA,NA
6486,6486_1,f2,LLAN,6486,LLAN6486,LLAN48,EV,0,NA,NA,NA,NA,69,9.75,4.95,1,0,0,0,0,0,self,self,0,NA,NA,NA,NA,30,0,1,NA,30,NA,30,0.9,1,NA,NA,2,2,NA,NA,NA
6486,6486_2,f2,LLAN,6486,LLAN6486,LLAN48,EV,0,NA,NA,NA,NA,51,9.5,3.875,1,0,0,0,0,0,self,self,0,NA,NA,NA,NA,20,0,1,NA,20,NA,20,0.9,1,NA,NA,2,2,NA,NA,NA
6486,6486_3,f2,LLAN,6486,LLAN6486,LLAN48,EV,0,NA,NA,NA,NA,10,8.75,3.65,1,0,0,0,0,0,self,self,0,NA,NA,NA,NA,8,0,1,NA,8,NA,8,0.9,1,NA,NA,2,2,NA,NA,NA
7142,7142_1_4,f2,FALL,7142,FALL7142,FALL14,EV,0,NA,NA,NA,NA,4,7.5,2.975,1,0,0,0,0,0,self,self,0,NA,NA,NA,NA,4,0,1,NA,4,NA,4,1,1,NA,NA,1,1,NA,NA,NA
7211,7211,f1,FALL,7211,FALL7211,FALL21,EV,0,NA,NA,NA,NA,3,NA,NA,1,0,0,0,0,0,self,self,0,1,0,0,0,0,1,1,3,3,0,3,1,1,NA,NA,2,2,NA,NA,NA
7212,7212_1_12,f2,FALL,7212,FALL7212,FALL21,EV,0,NA,NA,NA,NA,0,7,3.625,1,0,0,0,0,0,self,self,0,NA,NA,NA,NA,0,0,1,NA,0,NA,0,1,0,NA,NA,2,2,NA,NA,NA
7212,7212_2_1,f2,FALL,7212,FALL7212,FALL21,EV,0,NA,NA,NA,NA,4,6.75,2.8,1,0,0,0,0,0,self,self,0,NA,NA,NA,NA,4,0,1,NA,4,NA,0,1,0,NA,NA,2,2,NA,NA,NA
7212,7212_2_3,f2,FALL,7212,FALL7212,FALL21,EV,0,NA,NA,NA,NA,3,7,3.625,1,0,0,0,0,0,self,self,0,NA,NA,NA,NA,3,0,1,NA,3,NA,0,1,0,NA,NA,2,2,NA,NA,NA
7212,7212_2_4,f2,FALL,7212,FALL7212,FALL21,EV,0,NA,NA,NA,NA,0,4.75,1.775,1,0,0,0,0,0,self,self,0,NA,NA,NA,NA,0,0,1,NA,0,NA,0,1,0,NA,NA,2,2,NA,NA,NA
7212,7212_2_6,f2,FALL,7212,FALL7212,FALL21,EV,0,NA,NA,NA,NA,8,7.75,3.875,1,0,0,0,0,0,self,self,0,NA,NA,NA,NA,8,0,1,NA,8,NA,0,1,0,NA,NA,2,2,NA,NA,NA
7212,7212_2_7,f2,FALL,7212,FALL7212,FALL21,EV,0,NA,NA,NA,NA,3,5,3.025,1,0,0,0,0,0,self,self,0,NA,NA,NA,NA,3,0,1,NA,3,NA,3,1,1,NA,NA,2,2,NA,NA,NA
7212,7212_3,f2,FALL,7212,FALL7212,FALL21,EV,0,NA,NA,NA,NA,7,6.5,3.4,1,0,0,0,0,0,self,self,0,NA,NA,NA,NA,15,0,1,NA,15,NA,0,1,0,NA,NA,2,2,NA,NA,NA
7212,7212_4_5,f2,FALL,7212,FALL7212,FALL21,EV,0,NA,NA,NA,NA,0,6.5,3.275,1,0,0,0,0,0,self,self,0,NA,NA,NA,NA,0,0,1,NA,0,NA,0,1,0,NA,NA,2,2,NA,NA,NA
7212,7212_4_6,f2,FALL,7212,FALL7212,FALL21,EV,0,NA,NA,NA,NA,0,6,2.925,1,0,0,0,0,0,self,self,0,NA,NA,NA,NA,0,0,1,NA,0,NA,0,1,0,NA,NA,2,2,NA,NA,NA
7213,7213_2_2,f2,FALL,7212,FALL7212,FALL21,EV,0,NA,NA,NA,NA,18,10,5.325,1,0,0,0,0,0,self,self,0,NA,NA,NA,NA,18,0,1,NA,18,NA,18,1,1,NA,NA,2,2,NA,NA,NA
7213,7213_2_4,f2,FALL,7213,FALL7213,FALL21,EV,0,NA,NA,NA,NA,0,8,3.75,1,0,0,0,0,0,self,self,0,NA,NA,NA,NA,0,0,1,NA,0,NA,0,1,0,NA,NA,2,2,NA,NA,NA
7213,7213_2_5,f2,FALL,7213,FALL7213,FALL21,EV,0,NA,NA,NA,NA,2,8.25,4.025,1,0,0,0,0,0,self,self,0,NA,NA,NA,NA,2,0,1,NA,2,NA,2,1,1,NA,NA,2,2,NA,NA,NA
7213,7213_2_9,f2,FALL,7213,FALL7213,FALL21,EV,0,NA,NA,NA,NA,25,7.75,3.225,1,0,0,0,0,0,self,self,0,NA,NA,NA,NA,22,0,1,NA,22,NA,22,1,1,NA,NA,2,2,NA,NA,NA
7213,7213_3_2,f2,FALL,7213,FALL7213,FALL21,EV,0,NA,NA,NA,NA,0,8.5,4.45,1,0,0,0,0,0,self,self,0,NA,NA,NA,NA,0,0,1,NA,0,NA,0,1,0,NA,NA,2,2,NA,NA,NA
8172,8172_1_7,f2,NEFF,8172,NEFF8172,NEFF17,EV,0,NA,NA,NA,NA,62,7.333333333,2.9,1,0,0,0,0,0,self,self,0,NA,NA,NA,NA,19,0,1,NA,19,NA,19,0.6,1,NA,NA,1,1,NA,NA,NA
9221,9221_1_2,f2,PALM,9221,PALM9221,PALM22,EV,0,NA,NA,NA,NA,91,9.25,4.725,1,0,0,0,0,0,self,self,0,NA,NA,NA,NA,30,0,1,NA,30,NA,30,1,1,NA,NA,2,2,NA,NA,NA
9221,9221_1_3,f2,PALM,9221,PALM9221,PALM22,EV,0,NA,NA,NA,NA,56,7.25,3.325,1,0,0,0,0,0,self,self,0,NA,NA,NA,NA,29,0,1,NA,29,NA,28,1,0.965517241,NA,NA,2,2,NA,NA,NA
9221,9221_2_2,f2,PALM,9221,PALM9221,PALM22,EV,0,NA,NA,NA,NA,54,8.75,4,1,0,0,0,0,0,self,self,0,NA,NA,NA,NA,30,0,1,NA,30,NA,30,1,1,NA,NA,2,2,NA,NA,NA
9221,9221_3_1,f2,PALM,9221,PALM9221,PALM22,EV,0,NA,NA,NA,NA,52,8.5,5.075,1,0,0,0,0,0,self,self,0,NA,NA,NA,NA,30,0,1,NA,30,NA,30,1,1,NA,NA,2,2,NA,NA,NA
9221,9221_3_10,f2,PALM,9221,PALM9221,PALM22,EV,0,NA,NA,NA,NA,41,7,3.475,1,0,0,0,0,0,self,self,0,NA,NA,NA,NA,30,0,1,NA,30,NA,17,1,0.566666667,NA,NA,2,2,NA,NA,NA
9221,9221_3_11,f2,PALM,9221,PALM9221,PALM22,EV,0,NA,NA,NA,NA,48,8.25,3.825,1,0,0,0,0,0,self,self,0,NA,NA,NA,NA,26,0,1,NA,26,NA,26,1,1,NA,NA,2,2,NA,NA,NA
9221,9221_3_12,f2,PALM,9221,PALM9221,PALM22,EV,0,NA,NA,NA,NA,53,9.25,4.525,1,0,0,0,0,0,self,self,0,NA,NA,NA,NA,28,0,1,NA,28,NA,28,1,1,NA,NA,2,2,NA,NA,NA
9221,9221_3_13,f2,PALM,9221,PALM9221,PALM22,EV,0,NA,NA,NA,NA,29,6.75,2.75,1,0,0,0,0,0,self,self,0,NA,NA,NA,NA,26,0,1,NA,26,NA,26,1,1,NA,NA,2,2,NA,NA,NA
9221,9221_3_14,f2,PALM,9221,PALM9221,PALM22,EV,0,NA,NA,NA,NA,105,8.5,4.925,1,0,0,0,0,0,self,self,0,NA,NA,NA,NA,30,0,1,NA,30,NA,27,1,0.9,NA,NA,2,2,NA,NA,NA
9221,9221_3_2,f2,PALM,9221,PALM9221,PALM22,EV,0,NA,NA,NA,NA,12,5.25,2.65,1,0,0,0,0,0,self,self,0,NA,NA,NA,NA,12,0,1,NA,12,NA,12,1,1,NA,NA,2,2,NA,NA,NA
9221,9221_3_20,f2,PALM,9221,PALM9221,PALM22,EV,0,NA,NA,NA,NA,12,8.25,4.1,1,0,0,0,0,0,self,self,0,NA,NA,NA,NA,11,0,1,NA,11,NA,11,1,1,NA,NA,2,2,NA,NA,NA
9221,9221_3_20,f2,PALM,9221,PALM9221,PALM22,EV,0,NA,NA,NA,NA,39,7.25,3.725,1,0,0,0,0,0,self,self,0,NA,NA,NA,NA,26,0,1,NA,26,NA,26,1,1,NA,NA,2,2,NA,NA,NA
9221,9221_3_23,f2,PALM,9221,PALM9221,PALM22,EV,0,NA,NA,NA,NA,39,9,4.725,1,0,0,0,0,0,self,self,0,NA,NA,NA,NA,30,0,1,NA,30,NA,30,1,1,NA,NA,2,2,NA,NA,NA
9221,9221_3_25,f2,PALM,9221,PALM9221,PALM22,EV,0,NA,NA,NA,NA,65,9.25,4.125,1,0,0,0,0,0,self,self,0,NA,NA,NA,NA,30,0,1,NA,30,NA,30,1,1,NA,NA,2,2,NA,NA,NA
9221,9221_3_5,f2,PALM,9221,PALM9221,PALM22,EV,0,NA,NA,NA,NA,39,8,4.25,1,0,0,0,0,0,self,self,0,NA,NA,NA,NA,30,0,1,NA,30,NA,30,1,1,NA,NA,2,2,NA,NA,NA
9221,9221_3_6,f2,PALM,9221,PALM9221,PALM22,EV,0,NA,NA,NA,NA,95,8.75,4.625,1,0,0,0,0,0,self,self,0,NA,NA,NA,NA,30,0,1,NA,30,NA,30,1,1,NA,NA,2,2,NA,NA,NA
9221,9221_5_7,f2,PALM,9221,PALM9221,PALM22,EV,0,NA,NA,NA,NA,84,8.5,4.475,1,0,0,0,0,0,self,self,0,NA,NA,NA,NA,30,0,1,NA,30,NA,30,1,1,NA,NA,2,2,NA,NA,NA
9224,9224_1_2,f2,PALM,9224,PALM9224,PALM22,EV,0,NA,NA,NA,NA,44,6.25,2.725,1,0,0,0,0,0,self,self,0,NA,NA,NA,NA,30,0,1,NA,30,NA,15,1,0.5,NA,NA,2,2,NA,NA,NA
9224,9224_1_3,f2,PALM,9224,PALM9224,PALM22,EV,0,NA,NA,NA,NA,22,7,2.425,1,0,0,0,0,0,self,self,0,NA,NA,NA,NA,22,0,1,NA,22,NA,22,1,1,NA,NA,2,2,NA,NA,NA
9224,9224_2_1,f2,PALM,9224,PALM9224,PALM22,EV,0,NA,NA,NA,NA,21,5.25,2.3,1,0,0,0,0,0,self,self,0,NA,NA,NA,NA,21,0,1,NA,21,NA,21,1,1,NA,NA,2,2,NA,NA,NA
9224,9224_2_4,f2,PALM,9224,PALM9224,PALM22,EV,0,NA,NA,NA,NA,4,10.25,4.15,1,0,0,0,0,0,self,self,0,NA,NA,NA,NA,4,0,1,NA,4,NA,4,1,1,NA,NA,2,2,NA,NA,NA
9224,9224_2_5,f2,PALM,9224,PALM9224,PALM22,EV,0,NA,NA,NA,NA,40,6.5,3.2,1,0,0,0,0,0,self,self,0,NA,NA,NA,NA,30,0,1,NA,30,NA,4,1,0.133333333,NA,NA,2,2,NA,NA,NA
9224,9224_2_7,f2,PALM,9224,PALM9224,PALM22,EV,0,NA,NA,NA,NA,25,5.75,4.45,1,0,0,0,0,0,self,self,0,NA,NA,NA,NA,25,0,1,NA,25,NA,15,1,0.6,NA,NA,2,2,NA,NA,NA
9224,9224_2_8,f2,PALM,9224,PALM9224,PALM22,EV,0,NA,NA,NA,NA,48,7.25,3.375,1,0,0,0,0,0,self,self,0,NA,NA,NA,NA,30,0,1,NA,30,NA,30,1,1,NA,NA,2,2,NA,NA,NA
9225,9225_1_5,f2,PALM,9225,PALM9225,PALM22,EV,0,NA,NA,NA,NA,39,7.75,3.575,1,0,0,0,0,0,self,self,0,NA,NA,NA,NA,30,0,1,NA,30,NA,6,1,0.2,NA,NA,2,2,NA,NA,NA
9225,9225_1_8,f2,PALM,9225,PALM9225,PALM22,EV,0,NA,NA,NA,NA,67,8.25,4.05,1,0,0,0,0,0,self,self,0,NA,NA,NA,NA,30,0,1,NA,30,NA,30,1,1,NA,NA,2,2,NA,NA,NA
 2101_1, 2101_1,f1,DAVIS,2101,DAVIS2101,DAVIS10,EC,0,NA,NA,NA,NA,20,13,8.7,1,0,0,0,0,0,self,self,0,1,17,17,1,NA,NA,1,17,17,1,17,1,1,NA,NA,4,4,NA,NA,NA
 2101_2, 2101_2,f1,DAVIS,2101,DAVIS2101,DAVIS10,EC,0,NA,NA,NA,NA,10,11,6.5,1,0,0,0,0,0,self,self,0,1,9,9,1,NA,NA,1,9,9,1,9,1,1,NA,NA,4,4,NA,NA,NA
 6422_1, 6422_1,f1,LLAN,6422,LLAN6422,LLAN42,EC,0,NA,NA,NA,NA,17,13,7.5,1,0,0,0,0,0,self,self,0,1,17,12,1,NA,NA,1,17,12,1,12,1,1,NA,NA,4,4,NA,NA,NA
 661_1, 661_1,f1,LLAN,661,LLAN661,LLAN6,EC,0,NA,NA,NA,NA,10,10,5.7,1,0,0,0,0,0,self,self,0,1,7,7,0,0,1,1,10,10,0.7,8,1,0.8,NA,NA,1,1,NA,NA,NA
 661_2, 661_2,f1,LLAN,661,LLAN661,LLAN6,EC,0,NA,NA,NA,NA,4,7,3.5,1,0,0,0,0,0,self,self,0,1,0,0,0,0,1,1,3,3,0,3,1,1,NA,NA,1,1,NA,NA,NA
 661_3, 661_3,f1,LLAN,661,LLAN661,LLAN6,EC,0,NA,NA,NA,NA,8,9,5.3,1,0,0,0,0,0,self,self,0,1,8,8,1,1,0,1,8,8,1,8,1,1,NA,NA,1,1,NA,NA,NA
 661_4, 661_4,f1,LLAN,661,LLAN661,LLAN6,EC,0,NA,NA,NA,NA,2,8,3.6,1,0,0,0,0,0,self,self,0,1,0,0,0,0,1,1,2,2,0,2,1,1,NA,NA,1,1,NA,NA,NA
 7141_1, 7141_1,f1,FALL,7141,FALL7141,FALL14,EV,0,NA,NA,NA,NA,22,7,4.1,1,0,0,0,0,0,self,self,0,1,13,13,1,NA,NA,1,17,17,0.764705882,17,1,1,NA,NA,1,1,NA,NA,NA
 7141_2, 7141_2,f1,FALL,7141,FALL7141,FALL14,EV,0,NA,NA,NA,NA,14,7,3,1,0,0,0,0,0,self,self,0,1,7,7,0,0,1,1,12,12,0.583333333,11,1,0.916666667,NA,NA,1,1,NA,NA,NA
 7212_1, 7212_1,f1,FALL,7212,FALL7212,FALL21,EV,0,NA,NA,NA,NA,12,6,2.9,1,0,0,0,0,0,self,self,0,1,10,10,1,NA,NA,1,10,10,1,2,1,0.2,NA,NA,2,2,NA,NA,NA
 7212_2, 7212_2,f1,FALL,7212,FALL7212,FALL21,EV,0,NA,NA,NA,NA,9,7,4.6,1,0,0,0,0,0,self,self,0,1,7,7,1,NA,NA,1,7,7,1,3,1,0.428571429,NA,NA,2,2,NA,NA,NA
 7212_3, 7212_3,f1,FALL,7212,FALL7212,FALL21,EV,0,NA,NA,NA,NA,4,7,3,1,0,0,0,0,0,self,self,0,1,3,3,1,NA,NA,1,3,3,1,1,1,0.333333333,NA,NA,2,2,NA,NA,NA
 7212_4, 7212_4,f1,FALL,7212,FALL7212,FALL21,EV,0,NA,NA,NA,NA,8,7,3.6,1,0,0,0,0,0,self,self,0,1,7,7,1,0,1,1,7,7,1,2,1,0.285714286,NA,NA,2,2,NA,NA,NA
 7213_1, 7213_1,f1,FALL,7213,FALL7213,FALL21,EV,0,NA,NA,NA,NA,19,9,4.5,1,0,0,0,0,0,self,self,0,1,4,4,1,NA,NA,1,17,17,0.235294118,17,1,1,NA,NA,2,2,NA,NA,NA
 7213_2, 7213_2,f1,FALL,7213,FALL7213,FALL21,EV,0,NA,NA,NA,NA,18,9,3.6,1,0,0,0,0,0,self,self,0,1,6,6,1,0,1,1,15,15,0.4,14,1,0.933333333,NA,NA,2,2,NA,NA,NA
 7216_1, 7216_1,f1,FALL,7216,FALL7216,FALL21,EV,1,NA,NA,NA,NA,23,8,4.5,1,0,0,0,0,0,self,self,0,1,7,7,1,1,0,1,7,7,1,7,1,1,NA,NA,2,2,NA,NA,NA
 7216_2, 7216_2,f1,FALL,7216,FALL7216,FALL21,EV,0,NA,NA,NA,NA,23,7,3.1,1,0,0,0,0,0,self,self,0,1,1,1,0,0,1,1,27,27,0.037037037,27,1,1,NA,NA,2,2,NA,NA,NA
 741_1, 741_1,f1,FALL,741,FALL741,FALL4,EV,0,NA,NA,NA,NA,18,8,3.1,1,0,0,0,0,0,self,self,0,1,2,2,1,NA,NA,1,16,16,0.125,16,0.933333333,1,NA,NA,1,1,NA,NA,NA
 8172_1, 8172_1,f1,NEFF,8172,NEFF8172,NEFF17,EV,0,NA,NA,NA,NA,20,8,3.5,1,0,0,0,0,0,self,self,0,1,8,8,1,NA,NA,1,18,18,0.444444444,18,0.6,1,NA,NA,1,1,NA,NA,NA
 8172_2, 8172_2,f1,NEFF,8172,NEFF8172,NEFF17,EV,0,NA,NA,NA,NA,17,10,4.8,1,0,0,0,0,0,self,self,0,1,1,1,0,0,1,1,15,15,0.066666667,15,0.6,1,NA,NA,1,1,NA,NA,NA
 9221_1, 9221_1,f1,PALM,9221,PALM9221,PALM22,EV,0,NA,NA,NA,NA,24,8,3.8,1,0,0,0,0,0,self,self,0,1,5,5,1,NA,NA,1,20,20,0.25,18,1,0.9,NA,NA,2,2,NA,NA,NA
 9221_2, 9221_2,f1,PALM,9221,PALM9221,PALM22,EV,0,NA,NA,NA,NA,12,9,4,1,0,0,0,0,0,self,self,0,1,7,7,1,NA,NA,1,7,7,1,7,1,1,NA,NA,2,2,NA,NA,NA
 9221_3, 9221_3,f1,PALM,9221,PALM9221,PALM22,EV,0,NA,NA,NA,NA,34,8,3.5,1,0,0,0,0,0,self,self,0,1,17,17,1,NA,NA,1,17,17,1,16,1,0.941176471,NA,NA,2,2,NA,NA,NA
 9221_4, 9221_4,f1,PALM,9221,PALM9221,PALM22,EV,0,NA,NA,NA,NA,8,8,3.2,1,0,0,0,0,0,self,self,0,1,5,5,1,NA,NA,1,5,5,1,5,1,1,NA,NA,2,2,NA,NA,NA
 9221_5, 9221_5,f1,PALM,9221,PALM9221,PALM22,EV,0,NA,NA,NA,NA,16,6,3.2,1,0,0,0,0,0,self,self,0,1,6,6,1,NA,NA,1,7,7,0.857142857,7,1,1,NA,NA,2,2,NA,NA,NA
 9224_1, 9224_1,f1,PALM,9224,PALM9224,PALM22,EV,0,NA,NA,NA,NA,5,5,2.5,1,0,0,0,0,0,self,self,0,1,2,2,1,NA,NA,1,4,17,0.5,15,1,0.882352941,NA,NA,2,2,NA,NA,NA
 9224_2, 9224_2,f1,PALM,9224,PALM9224,PALM22,EV,0,NA,NA,NA,NA,19,11,6.5,1,0,0,0,0,0,self,self,0,1,7,7,1,NA,NA,1,17,17,0.411764706,15,1,0.882352941,NA,NA,2,2,NA,NA,NA
 9225_1, 9225_1,f1,PALM,9225,PALM9225,PALM22,EV,0,NA,NA,NA,NA,12,4,2,1,0,0,0,0,0,self,self,0,1,10,10,0,0,1,1,12,12,0.833333333,12,1,1,NA,NA,2,2,NA,NA,NA
 9226_1, 9226_1,f1,PALM,9226,PALM9226,PALM22,EV,0,NA,NA,NA,NA,11,8,2.8,1,0,0,0,0,0,self,self,0,1,8,8,1,NA,NA,1,10,10,0.8,10,1,1,NA,NA,2,2,NA,NA,NA
 9261_1, 9261_1,f1,PALM,9261,PALM9261,PALM26,EV,0,NA,NA,NA,NA,18,5,2.2,1,0,0,0,0,0,self,self,0,1,12,12,1,NA,NA,1,17,17,0.705882353,17,1,1,NA,NA,2,2,NA,NA,NA
 9262_2, 9262_2,f1,PALM,9262,PALM9262,PALM26,EV,0,NA,NA,NA,NA,9,7,3.2,1,0,0,0,0,0,self,self,0,1,12,12,1,NA,NA,1,20,20,0.6,20,1,1,NA,NA,2,2,NA,NA,NA
 9263_1, 9263_1,f1,PALM,9263,PALM9263,PALM26,EV,0,NA,NA,NA,NA,16,9,5.7,1,0,0,0,0,0,self,self,0,1,11,11,1,NA,NA,1,12,12,0.916666667,12,1,1,NA,NA,2,2,NA,NA,NA
EMAS_10486,10486,f1,SANAN,10486,SANAN10486,SANAN48,EV,NA,NA,NA,NA,NA,1,NA,NA,NA,NA,NA,NA,NA,NA,emas,emas,0,NA,NA,NA,NA,NA,NA,NA,NA,NA,NA,NA,NA,NA,NA,NA,NA,NA,NA,NA,NA
EMAS_12204,12204,f1,TORO,12204,TORO12204,TORO20,EV,NA,NA,NA,NA,NA,4,NA,NA,NA,NA,NA,NA,NA,NA,emas,emas,0,NA,NA,NA,NA,NA,NA,NA,NA,NA,NA,NA,NA,NA,NA,NA,NA,NA,NA,NA,NA
EMAS_27,27,f1,KEY,27,KEY27,KEY27,EV,NA,NA,NA,NA,NA,1,NA,NA,NA,NA,NA,NA,NA,NA,emas,emas,0,NA,NA,NA,NA,NA,NA,NA,NA,NA,NA,NA,NA,NA,NA,NA,NA,NA,NA,NA,NA
EMAS_29,29,f1,SANAN,29,SANAN29,SANAN29,EV,NA,NA,NA,NA,NA,3,NA,NA,NA,NA,NA,NA,NA,NA,emas,emas,0,NA,NA,NA,NA,NA,NA,NA,NA,NA,NA,NA,NA,NA,NA,NA,NA,NA,NA,NA,NA
EMAS_29,29,f1,SANAN,29,SANAN29,SANAN29,EV,NA,NA,NA,NA,NA,1,NA,NA,NA,NA,NA,NA,NA,NA,emas,emas,0,NA,NA,NA,NA,NA,NA,NA,NA,NA,NA,NA,NA,NA,NA,NA,NA,NA,NA,NA,NA
EMAS_3,3,f1,FALL,3,FALL3,FALL3,EV,NA,NA,NA,NA,NA,0,NA,NA,NA,NA,NA,NA,NA,NA,emas,emas,0,NA,NA,NA,NA,NA,NA,NA,NA,NA,NA,NA,NA,NA,NA,NA,NA,NA,NA,NA,NA
EMAS_36,36,f1,PALM,36,PALM36,PALM36,EV,NA,NA,NA,NA,NA,3,NA,NA,NA,NA,NA,NA,NA,NA,emas,emas,0,NA,NA,NA,NA,NA,NA,NA,NA,NA,NA,NA,NA,NA,NA,NA,NA,NA,NA,NA,NA
EMAS_4203,4203,f1,KEY,4203,KEY4203,KEY20,EV,NA,NA,NA,NA,NA,11,NA,NA,NA,NA,NA,NA,NA,NA,emas,emas,0,NA,NA,NA,NA,NA,NA,NA,NA,NA,NA,NA,NA,NA,NA,NA,NA,NA,NA,NA,NA
EMAS_44,44,f1,PALM,44,PALM44,PALM44,EV,NA,NA,NA,NA,NA,3,NA,NA,NA,NA,NA,NA,NA,NA,emas,emas,0,NA,NA,NA,NA,NA,NA,NA,NA,NA,NA,NA,NA,NA,NA,NA,NA,NA,NA,NA,NA
EMAS_711,711,f1,FALL,711,FALL711,FALL1,EV,NA,NA,NA,NA,NA,0,NA,NA,NA,NA,NA,NA,NA,NA,emas,emas,0,NA,NA,NA,NA,NA,NA,NA,NA,NA,NA,NA,NA,NA,NA,NA,NA,NA,NA,NA,NA
EMAS_7191,7191,f1,FALL,7191,FALL7191,FALL19,EV,NA,NA,NA,NA,NA,0,NA,NA,NA,NA,NA,NA,NA,NA,emas,emas,0,NA,NA,NA,NA,NA,NA,NA,NA,NA,NA,NA,NA,NA,NA,NA,NA,NA,NA,NA,NA
EMAS_7192,7192,f1,FALL,7192,FALL7192,FALL19,EV,NA,NA,NA,NA,NA,0,NA,NA,NA,NA,NA,NA,NA,NA,emas,emas,0,NA,NA,NA,NA,NA,NA,NA,NA,NA,NA,NA,NA,NA,NA,NA,NA,NA,NA,NA,NA
EMAS_7214,7214,f1,FALL,7214,FALL7214,FALL21,EV,NA,NA,NA,NA,NA,7,NA,NA,NA,NA,NA,NA,NA,NA,emas,emas,0,NA,NA,NA,NA,NA,NA,NA,NA,NA,NA,NA,NA,NA,NA,NA,NA,NA,NA,NA,NA
EMAS_7216,7216,f1,FALL,7216,FALL7216,FALL21,EV,NA,NA,NA,NA,NA,4,NA,NA,NA,NA,NA,NA,NA,NA,emas,emas,0,NA,NA,NA,NA,NA,NA,NA,NA,NA,NA,NA,NA,NA,NA,NA,NA,NA,NA,NA,NA
EMAS_7216,7216,f1,FALL,7216,FALL7216,FALL21,EV,NA,NA,NA,NA,NA,3,NA,NA,NA,NA,NA,NA,NA,NA,emas,emas,0,NA,NA,NA,NA,NA,NA,NA,NA,NA,NA,NA,NA,NA,NA,NA,NA,NA,NA,NA,NA
EMAS_7217,7217,f1,FALL,7217,FALL7217,FALL21,EV,NA,NA,NA,NA,NA,0,NA,NA,NA,NA,NA,NA,NA,NA,emas,emas,0,NA,NA,NA,NA,NA,NA,NA,NA,NA,NA,NA,NA,NA,NA,NA,NA,NA,NA,NA,NA
EMAS_833,833,f1,NEFF,833,NEFF833,NEFF3,EV,NA,NA,NA,NA,NA,5,NA,NA,NA,NA,NA,NA,NA,NA,emas,emas,0,NA,NA,NA,NA,NA,NA,NA,NA,NA,NA,NA,NA,NA,NA,NA,NA,NA,NA,NA,NA
EMAS_851,851,f1,NEFF,851,NEFF851,NEFF5,EV,NA,NA,NA,NA,NA,0,NA,NA,NA,NA,NA,NA,NA,NA,emas,emas,0,NA,NA,NA,NA,NA,NA,NA,NA,NA,NA,NA,NA,NA,NA,NA,NA,NA,NA,NA,NA
EMAS_852,852,f1,NEFF,852,NEFF852,NEFF5,EV,NA,NA,NA,NA,NA,1,NA,NA,NA,NA,NA,NA,NA,NA,emas,emas,0,NA,NA,NA,NA,NA,NA,NA,NA,NA,NA,NA,NA,NA,NA,NA,NA,NA,NA,NA,NA
EMAS_861,861,f1,NEFF,861,NEFF861,NEFF6,EV,NA,NA,NA,NA,NA,3,NA,NA,NA,NA,NA,NA,NA,NA,emas,emas,0,NA,NA,NA,NA,NA,NA,NA,NA,NA,NA,NA,NA,NA,NA,NA,NA,NA,NA,NA,NA
EMAS_861,861,f1,NEFF,861,NEFF861,NEFF6,EV,NA,NA,NA,NA,NA,0,NA,NA,NA,NA,NA,NA,NA,NA,emas,emas,0,NA,NA,NA,NA,NA,NA,NA,NA,NA,NA,NA,NA,NA,NA,NA,NA,NA,NA,NA,NA
EMAS_9223,9223,f1,PALM,9223,PALM9223,PALM22,EV,NA,NA,NA,NA,NA,0,NA,NA,NA,NA,NA,NA,NA,NA,emas,emas,0,NA,NA,NA,NA,NA,NA,NA,NA,NA,NA,NA,NA,NA,NA,NA,NA,NA,NA,NA,NA
EMAS_9262_1,9262_1,f1,PALM,9262,PALM9262,PALM26,EV,NA,NA,NA,NA,NA,1,NA,NA,NA,NA,NA,NA,NA,NA,emas,emas,0,NA,NA,NA,NA,NA,NA,NA,NA,NA,NA,NA,NA,NA,NA,NA,NA,NA,NA,NA,NA
EMAS_9262_1,9262_1,f1,PALM,9262,PALM9262,PALM26,EV,NA,NA,NA,NA,NA,0,NA,NA,NA,NA,NA,NA,NA,NA,emas,emas,0,NA,NA,NA,NA,NA,NA,NA,NA,NA,NA,NA,NA,NA,NA,NA,NA,NA,NA,NA,NA
EMAS_9262_1,9262_1,f1,PALM,9262,PALM9262,PALM26,EV,NA,NA,NA,NA,NA,0,NA,NA,NA,NA,NA,NA,NA,NA,emas,emas,0,NA,NA,NA,NA,NA,NA,NA,NA,NA,NA,NA,NA,NA,NA,NA,NA,NA,NA,NA,NA
EMAS_9262_1,9262_1,f1,PALM,9262,PALM9262,PALM26,EV,NA,NA,NA,NA,NA,0,NA,NA,NA,NA,NA,NA,NA,NA,emas,emas,0,NA,NA,NA,NA,NA,NA,NA,NA,NA,NA,NA,NA,NA,NA,NA,NA,NA,NA,NA,NA
EMAS_9262_1,9262_1,f1,PALM,9262,PALM9262,PALM26,EV,NA,NA,NA,NA,NA,18,NA,NA,NA,NA,NA,NA,NA,NA,emas,emas,0,NA,NA,NA,NA,NA,NA,NA,NA,NA,NA,NA,NA,NA,NA,NA,NA,NA,NA,NA,NA
EMAS_9262_1,9262_1,f1,PALM,9262,PALM9262,PALM26,EV,NA,NA,NA,NA,NA,5,NA,NA,NA,NA,NA,NA,NA,NA,emas,emas,0,NA,NA,NA,NA,NA,NA,NA,NA,NA,NA,NA,NA,NA,NA,NA,NA,NA,NA,NA,NA
EMAS_9281,9281,f1,PALM,9281,PALM9281,PALM28,EV,NA,NA,NA,NA,NA,1,NA,NA,NA,NA,NA,NA,NA,NA,emas,emas,0,NA,NA,NA,NA,NA,NA,NA,NA,NA,NA,NA,NA,NA,NA,NA,NA,NA,NA,NA,NA
EMAS_9461,9461,f1,PALM,9461,PALM9461,PALM46,EV,NA,NA,NA,NA,NA,5,NA,NA,NA,NA,NA,NA,NA,NA,emas,emas,0,NA,NA,NA,NA,NA,NA,NA,NA,NA,NA,NA,NA,NA,NA,NA,NA,NA,NA,NA,NA
EXP_1,EXP_1,f1,KEY,27,KEY27,KEY27,EV,0,KEY,27,EV,0,24,13,7.6,NA,NA,NA,NA,NA,NA,exp_emas_self,exp_emas_self,1,NA,0,0,NA,NA,NA,NA,10,10,0,NA,NA,NA,NA,NA,NA,NA,NA,NA,NA
EXP_1.1,EXP_1.1,f1,KEY,27,KEY27,KEY27,EV,0,NA,NA,NA,NA,35,20,7.7,NA,NA,NA,NA,NA,NA,exp_self,exp_self,0,NA,0,0,NA,NA,NA,NA,10,10,0,NA,NA,NA,NA,NA,NA,NA,NA,NA,NA
EXP_10,EXP_10,f1,THUN,16,THUN16,THUN16,EV,0,THUN,16,EV,0,1,11,4.2,NA,NA,NA,NA,NA,NA,exp_emas_self,exp_emas_self,1,NA,0,0,NA,NA,NA,NA,1,1,0,NA,NA,NA,NA,NA,NA,NA,NA,NA,NA
EXP_10.1,EXP_10.1,f1,THUN,16,THUN16,THUN16,EV,0,NA,NA,NA,NA,75,17,7.1,NA,NA,NA,NA,NA,NA,exp_self,exp_self,0,NA,0,0,NA,NA,NA,NA,9,9,0,NA,NA,NA,NA,NA,NA,NA,NA,NA,NA
EXP_11,EXP_11,f1,FALL,3,FALL3,FALL3,EV,0,FALL,3,EV,0,12,8,3.7,NA,NA,NA,NA,NA,NA,exp_emas_self,exp_emas_self,1,NA,6,6,NA,NA,NA,NA,10,10,0.6,NA,NA,NA,NA,NA,NA,NA,NA,NA,NA
EXP_11.1,EXP_11.1,f1,FALL,3,FALL3,FALL3,EV,0,NA,NA,NA,NA,17,10,4.9,NA,NA,NA,NA,NA,NA,exp_self,exp_self,0,NA,8,4,NA,NA,NA,NA,9,9,0.888888889,NA,NA,NA,NA,NA,NA,NA,NA,NA,NA
EXP_12,EXP_12,f1,TEX,1461,TEX1461,TEX6,EV,0,TEX,1461,EV,0,7,17,6.2,NA,NA,NA,NA,NA,NA,exp_emas_self,exp_emas_self,1,NA,0,NA,NA,NA,NA,NA,7,7,0,NA,NA,NA,NA,NA,NA,NA,NA,NA,NA
EXP_12.1,EXP_12.1,f1,TEX,1461,TEX1461,TEX6,EV,0,NA,NA,NA,NA,85,17,6,NA,NA,NA,NA,NA,NA,exp_self,exp_self,0,NA,0,NA,NA,NA,NA,NA,11,11,0,NA,NA,NA,NA,NA,NA,NA,NA,NA,NA
EXP_13,EXP_13,f1,PALM,46,PALM46,PALM46,EV,0,PALM,46,EV,0,26,10,5.8,NA,NA,NA,NA,NA,NA,exp_emas_self,exp_emas_self,1,NA,0,0,NA,NA,NA,NA,10,10,0,NA,NA,NA,NA,NA,NA,NA,NA,NA,NA
EXP_13.1,EXP_13.1,f1,PALM,46,PALM46,PALM46,EV,0,NA,NA,NA,NA,39,10,6.6,NA,NA,NA,NA,NA,NA,exp_self,exp_self,0,NA,1,1,NA,NA,NA,NA,10,10,0.1,NA,NA,NA,NA,NA,NA,NA,NA,NA,NA
EXP_14,EXP_14,f1,PALM,36,PALM36,PALM36,EV,0,PALM,36,EV,0,6,8,4.2,NA,NA,NA,NA,NA,NA,exp_emas_self,exp_emas_self,1,NA,2,NA,NA,NA,NA,NA,6,6,0.333333333,NA,NA,NA,NA,NA,NA,NA,NA,NA,NA
EXP_14.1,EXP_14.1,f1,PALM,36,PALM36,PALM36,EV,0,NA,NA,NA,NA,21,11,5.1,NA,NA,NA,NA,NA,NA,exp_self,exp_self,0,NA,8,NA,NA,NA,NA,NA,10,10,0.8,NA,NA,NA,NA,NA,NA,NA,NA,NA,NA
EXP_15,EXP_15,f1,TORO,20,TORO20,TORO20,EV,0,TORO,20,EV,0,6,14,5.5,NA,NA,NA,NA,NA,NA,exp_emas_self,exp_emas_self,1,NA,0,0,NA,NA,NA,NA,5,5,0,NA,NA,NA,NA,NA,NA,NA,NA,NA,NA
EXP_15.1,EXP_15.1,f1,TORO,20,TORO20,TORO20,EV,0,NA,NA,NA,NA,14,11,5.6,NA,NA,NA,NA,NA,NA,exp_self,exp_self,0,NA,0,0,NA,NA,NA,NA,10,10,0,NA,NA,NA,NA,NA,NA,NA,NA,NA,NA
EXP_16,EXP_16,f1,TEX,1464,TEX1464,TEX6,EV,0,TEX,1464,EV,0,0,18,6.2,NA,NA,NA,NA,NA,NA,exp_emas_self,exp_emas_self,1,NA,NA,NA,NA,NA,NA,NA,NA,NA,NA,NA,NA,NA,NA,NA,NA,NA,NA,NA,NA
EXP_16.1,EXP_16.1,f1,TEX,1464,TEX1464,TEX6,EV,0,NA,NA,NA,NA,74,19,5.9,NA,NA,NA,NA,NA,NA,exp_self,exp_self,0,NA,0,NA,NA,NA,NA,NA,10,10,0,NA,NA,NA,NA,NA,NA,NA,NA,NA,NA
EXP_17,EXP_17,f1,TEX,1462,TEX1462,TEX6,EV,0,TEX,1462,EV,0,1,15,5.6,NA,NA,NA,NA,NA,NA,exp_emas_self,exp_emas_self,1,NA,0,NA,NA,NA,NA,NA,1,1,0,NA,NA,NA,NA,NA,NA,NA,NA,NA,NA
EXP_17.1,EXP_17.1,f1,TEX,1462,TEX1462,TEX6,EV,0,NA,NA,NA,NA,40,17,6.3,NA,NA,NA,NA,NA,NA,exp_self,exp_self,0,NA,0,NA,NA,NA,NA,NA,9,9,0,NA,NA,NA,NA,NA,NA,NA,NA,NA,NA
EXP_2,EXP_2,f1,THUN,16,THUN16,THUN16,EV,0,THUN,16,EV,0,8,12,5.2,NA,NA,NA,NA,NA,NA,exp_emas_self,exp_emas_self,1,NA,0,0,NA,NA,NA,NA,8,8,0,NA,NA,NA,NA,NA,NA,NA,NA,NA,NA
EXP_2.1,EXP_2.1,f1,THUN,16,THUN16,THUN16,EV,0,NA,NA,NA,NA,1,14,6.1,NA,NA,NA,NA,NA,NA,exp_self,exp_self,0,NA,0,0,NA,NA,NA,NA,1,1,0,NA,NA,NA,NA,NA,NA,NA,NA,NA,NA
EXP_3,EXP_3,f1,FALL,19,FALL19,FALL19,EV,0,FALL,19,EV,0,11,15,7.5,NA,NA,NA,NA,NA,NA,exp_emas_self,exp_emas_self,1,NA,6,2,NA,NA,NA,NA,10,10,0.6,NA,NA,NA,NA,NA,NA,NA,NA,NA,NA
EXP_3.1,EXP_3.1,f1,FALL,19,FALL19,FALL19,EV,0,NA,NA,NA,NA,13,17,9.1,NA,NA,NA,NA,NA,NA,exp_self,exp_self,0,NA,4,4,NA,NA,NA,NA,11,11,0.363636364,NA,NA,NA,NA,NA,NA,NA,NA,NA,NA
EXP_4,EXP_4,f1,THUN,16,THUN16,THUN16,EV,0,NA,NA,NA,NA,47,16,6.4,NA,NA,NA,NA,NA,NA,exp_self,exp_self,0,NA,0,0,NA,NA,NA,NA,10,10,0,NA,NA,NA,NA,NA,NA,NA,NA,NA,NA
EXP_4.1,EXP_4.1,f1,THUN,16,THUN16,THUN16,EV,0,THUN,16,EV,0,31,11,4,NA,NA,NA,NA,NA,NA,exp_emas_self,exp_emas_self,1,NA,0,0,NA,NA,NA,NA,11,11,0,NA,NA,NA,NA,NA,NA,NA,NA,NA,NA
EXP_5,EXP_5,f1,TEX,6,TEX6,TEX6,EV,0,TEX,6,EV,0,5,10,3.7,NA,NA,NA,NA,NA,NA,exp_emas_self,exp_emas_self,1,NA,0,0,NA,NA,NA,NA,6,6,0,NA,NA,NA,NA,NA,NA,NA,NA,NA,NA
EXP_5.1,EXP_5.1,f1,TEX,6,TEX6,TEX6,EV,0,NA,NA,NA,NA,24,16,6.5,NA,NA,NA,NA,NA,NA,exp_self,exp_self,0,NA,0,0,NA,NA,NA,NA,11,11,0,NA,NA,NA,NA,NA,NA,NA,NA,NA,NA
EXP_6,EXP_6,f1,TEX,4,TEX4,TEX4,EV,0,TEX,4,EV,0,7,12,4.3,NA,NA,NA,NA,NA,NA,exp_emas_self,exp_emas_self,1,NA,0,0,NA,NA,NA,NA,7,7,0,NA,NA,NA,NA,NA,NA,NA,NA,NA,NA
EXP_6.1,EXP_6.1,f1,TEX,4,TEX4,TEX4,EV,0,NA,NA,NA,NA,60,16,7.1,NA,NA,NA,NA,NA,NA,exp_self,exp_self,0,NA,0,0,NA,NA,NA,NA,8,8,0,NA,NA,NA,NA,NA,NA,NA,NA,NA,NA
EXP_7,EXP_7,f1,KEY,27,KEY27,KEY27,EV,0,KEY,27,EV,0,6,13,5.5,NA,NA,NA,NA,NA,NA,exp_emas_self,exp_emas_self,1,NA,0,0,NA,NA,NA,NA,6,6,0,NA,NA,NA,NA,NA,NA,NA,NA,NA,NA
EXP_7.1,EXP_7.1,f1,KEY,27,KEY27,KEY27,EV,0,NA,NA,NA,NA,12,13,5.6,NA,NA,NA,NA,NA,NA,exp_self,exp_self,0,NA,0,0,NA,NA,NA,NA,9,9,0,NA,NA,NA,NA,NA,NA,NA,NA,NA,NA
EXP_8,EXP_8,f1,MURR,5472,MURR5472,MURR47,EV,0,MURR,5472,EV,0,0,14,6.3,NA,NA,NA,NA,NA,NA,exp_emas_self,exp_emas_self,1,NA,0,NA,NA,NA,NA,NA,8,8,0,NA,NA,NA,NA,NA,NA,NA,NA,NA,NA
EXP_8.1,EXP_8.1,f1,MURR,5472,MURR5472,MURR47,EV,0,NA,NA,NA,NA,8,13,4.9,NA,NA,NA,NA,NA,NA,exp_self,exp_self,0,NA,1,NA,NA,NA,NA,NA,8,8,0.125,NA,NA,NA,NA,NA,NA,NA,NA,NA,NA
EXP_9,EXP_9,f1,TEX,1472,TEX1472,TEX7,EV,0,TEX,1472,EV,0,10,14,4.8,NA,NA,NA,NA,NA,NA,exp_emas_self,exp_emas_self,1,NA,4,NA,NA,NA,NA,NA,11,11,0.363636364,NA,NA,NA,NA,NA,NA,NA,NA,NA,NA
self_111,self_111,f1,BON,111,BON111,BON1,EV,1,NA,NA,NA,NA,2,9,3,1,0,0,0,0,0,self,self,0,4,0,0,0,0,1,1,1,1,0,1,1,1,NA,NA,1,7,NA,NA,NA
